{"type":"FeatureCollection","name":"syria_provinces","crs":{"type":"name","properties":{"name":"urn:ogc:def:crs:OGC:1.3:CRS84"}},"features":[{"type":"Feature","geometry":{"type":"Polygon","coordinates":[[[36.5806,34.2775],[36.5817,34.2647],[36.5844,34.2594],[36.5869,34.2519],[36.5897,34.2381],[36.5922,34.2294],[36.595,34.2269],[36.5978,34.2267],[36.6006,34.2267],[36.6033,34.225],[36.6061,34.2222],[36.6086,34.2183],[36.6142,34.2125],[36.6197,34.2081],[36.6225,34.2061],[36.625,34.2039],[36.6342,34.2102],[36.6442,34.2161],[36.6519,34.2189],[36.6669,34.218],[36.6783,34.22],[36.6864,34.22],[36.6911,34.2194],[36.7192,34.2246],[36.7357,34.2312],[36.7932,34.2434],[36.8256,34.2489],[36.8594,34.2294],[36.8669,34.23],[36.8758,34.2236],[36.8919,34.2028],[36.9047,34.1903],[36.9092,34.1847],[36.9292,34.1672],[36.9357,34.1482],[36.9411,34.135],[36.953,34.1252],[36.9731,34.1169],[37.0083,34.1076],[37.0028,34.1051],[36.9865,34.0783],[36.9593,34.0465],[37.0093,34.0251],[37.0286,34.0221],[37.0373,34.017],[37.0523,34.0108],[37.0653,34.0115],[37.0614,33.9659],[37.0851,33.9665],[37.1135,33.9646],[37.1283,33.9628],[37.1531,33.9547],[37.1765,33.9504],[37.1824,33.9501],[37.1947,33.9497],[37.2019,33.9489],[37.2175,33.9494],[37.2367,33.9517],[37.2447,33.9514],[37.248,33.9494],[37.2795,33.9366],[37.2859,33.932],[37.34,33.9263],[37.368,33.9375],[37.3837,33.9448],[37.3942,33.9447],[37.4689,33.9566],[37.5325,33.9755],[37.5722,33.982],[37.5794,33.98],[37.588,33.9684],[37.5875,33.9526],[37.5978,33.939],[37.6192,33.928],[37.7574,33.9305],[37.7697,33.9211],[37.8871,33.9168],[39.009,33.7488],[39.1339,33.5519],[39.144,33.557],[39.1702,33.5709],[39.213,33.5929],[39.23,33.6013],[39.3045,33.6401],[39.3199,33.6476],[39.3557,33.6663],[39.3675,33.6721],[39.3871,33.6824],[39.459,33.7194],[39.4859,33.7335],[39.5001,33.7408],[39.5087,33.745],[39.5378,33.7599],[39.5731,33.7775],[39.6159,33.7996],[39.6388,33.8112],[39.6446,33.8145],[39.6534,33.8189],[39.6669,33.8261],[39.6684,33.8267],[39.6709,33.8284],[39.6743,33.8301],[39.6765,33.8315],[39.6793,33.8327],[39.68,33.8328],[39.6809,33.8334],[39.6838,33.8348],[39.685,33.8355],[39.6858,33.8357],[39.7554,33.8712],[39.8551,33.9213],[39.8732,33.9306],[39.874,33.9308],[39.8749,33.9314],[39.9884,33.989],[40.0164,34.0031],[40.0273,34.0085],[40.0706,34.0304],[40.1099,34.05],[40.1269,34.0587],[40.1446,34.0674],[40.1624,34.0764],[40.1561,34.0851],[40.0,34.2796],[39.9055,34.3928],[39.7303,34.6006],[39.5659,34.7942],[39.4328,34.9505],[39.4433,35.0303],[39.36,35.1739],[39.3506,35.1831],[39.3142,35.2056],[39.2933,35.2211],[39.2764,35.2311],[39.2686,35.2342],[39.2583,35.2403],[39.2539,35.2417],[39.242,35.2493],[39.2069,35.2597],[39.2002,35.2607],[39.2007,35.2667],[39.1968,35.274],[39.1828,35.278],[39.1696,35.2808],[39.1555,35.2781],[39.125,35.2869],[39.0689,35.2975],[39.0194,35.3028],[39.0008,35.3069],[38.9697,35.3161],[38.9597,35.3183],[38.9214,35.3311],[38.8975,35.3372],[38.8508,35.3436],[38.8361,35.3469],[38.825,35.3481],[38.8011,35.3539],[38.7758,35.3586],[38.7497,35.3625],[38.7286,35.3642],[38.7131,35.3669],[38.7039,35.3694],[38.6828,35.3728],[38.64,35.3772],[38.6089,35.3786],[38.5711,35.3819],[38.5228,35.388],[38.4861,35.39],[38.4611,35.39],[38.4556,35.3908],[38.4403,35.3911],[38.4305,35.3903],[38.395,35.3911],[38.3708,35.3903],[38.3525,35.3886],[38.335,35.3858],[38.3219,35.3853],[38.3047,35.3819],[38.3013,35.3822],[38.3014,35.3764],[38.303,35.3692],[38.3025,35.3528],[38.3017,35.348],[38.303,35.3328],[38.3036,35.3128],[38.3022,35.2714],[38.2989,35.2489],[38.295,35.2369],[38.2883,35.2228],[38.2825,35.2128],[38.278,35.2069],[38.2764,35.2033],[38.2567,35.1811],[38.2503,35.1722],[38.2461,35.1655],[38.2416,35.1547],[38.2392,35.1467],[38.2375,35.1375],[38.2372,35.1292],[38.2392,35.1142],[38.243,35.0961],[38.2428,35.0878],[38.2286,35.0817],[38.2003,35.0747],[38.1733,35.0661],[38.093,35.035],[38.083,35.0297],[38.0769,35.0255],[38.0569,35.0077],[38.0528,35.0042],[38.0505,34.9897],[38.0422,34.9805],[38.0372,34.97],[38.0303,34.9597],[38.0297,34.9555],[38.0305,34.9428],[38.0297,34.9386],[38.0275,34.9336],[38.0233,34.9278],[38.0208,34.9205],[38.0161,34.9155],[38.0089,34.91],[38.0014,34.9022],[37.9903,34.8978],[37.9878,34.8978],[37.9836,34.8989],[37.9805,34.9014],[37.9664,34.9169],[37.9592,34.9269],[37.9447,34.9403],[37.93,34.9578],[37.8975,34.9814],[37.8691,34.9994],[37.8639,35.0019],[37.8514,35.0122],[37.8469,35.0289],[37.8458,35.0414],[37.84,35.0594],[37.838,35.0622],[37.8311,35.068],[37.8267,35.0778],[37.8211,35.0847],[37.8172,35.0883],[37.8122,35.0911],[37.8025,35.0925],[37.7875,35.0922],[37.778,35.0939],[37.7711,35.0972],[37.7636,35.105],[37.7525,35.1142],[37.7436,35.1183],[37.7386,35.1189],[37.7225,35.1164],[37.7061,35.1147],[37.6861,35.108],[37.6775,35.1061],[37.6542,35.1028],[37.6047,35.0883],[37.5894,35.0861],[37.5793,35.0867],[37.5742,35.0866],[37.565,35.0825],[37.5369,35.0641],[37.5258,35.0597],[37.5119,35.0528],[37.5061,35.0483],[37.5039,35.0455],[37.4992,35.0355],[37.4964,35.0178],[37.5147,34.9626],[37.4981,34.9605],[37.4947,34.9682],[37.4954,34.969],[37.4955,34.9701],[37.4935,34.9729],[37.4889,34.976],[37.4739,34.9786],[37.4712,34.9797],[37.4684,34.9795],[37.461,34.9803],[37.4389,34.9814],[37.4325,34.9805],[37.4307,34.9812],[37.4196,34.9835],[37.4147,34.983],[37.4139,34.9824],[37.4081,34.9806],[37.4085,34.9795],[37.4032,34.9728],[37.4017,34.9732],[37.3984,34.9735],[37.395,34.9734],[37.3834,34.9715],[37.3794,34.9712],[37.3737,34.9704],[37.3712,34.9708],[37.3694,34.9743],[37.3677,34.976],[37.3649,34.9808],[37.3619,34.9834],[37.359,34.9845],[37.3521,34.9842],[37.3514,34.9793],[37.3522,34.9752],[37.352,34.9734],[37.3503,34.971],[37.351,34.9636],[37.3483,34.9629],[37.3486,34.9615],[37.3449,34.9619],[37.342,34.9626],[37.3374,34.9653],[37.3344,34.9663],[37.3294,34.966],[37.3252,34.9666],[37.3134,34.9661],[37.3108,34.9657],[37.3095,34.9646],[37.3051,34.9615],[37.304,34.9611],[37.3033,34.9604],[37.3028,34.9591],[37.3031,34.9569],[37.303,34.9556],[37.3033,34.955],[37.3044,34.9509],[37.3076,34.9469],[37.2906,34.9432],[37.2893,34.9411],[37.2855,34.9383],[37.2896,34.9351],[37.2899,34.9341],[37.2894,34.9334],[37.2906,34.932],[37.2917,34.929],[37.293,34.9272],[37.29,34.9265],[37.2885,34.9258],[37.2898,34.9226],[37.2907,34.9191],[37.2854,34.9167],[37.2854,34.9155],[37.2794,34.9134],[37.2788,34.9126],[37.2765,34.9117],[37.273,34.9091],[37.2692,34.9074],[37.2647,34.9067],[37.2617,34.9057],[37.2587,34.9051],[37.2566,34.9044],[37.2533,34.9068],[37.2489,34.9075],[37.2487,34.9094],[37.2476,34.9112],[37.247,34.9117],[37.2444,34.913],[37.244,34.914],[37.244,34.9155],[37.2434,34.9161],[37.2368,34.916],[37.2358,34.9178],[37.2335,34.9207],[37.233,34.9236],[37.2325,34.9248],[37.2323,34.9262],[37.2318,34.9271],[37.2311,34.9308],[37.2302,34.9325],[37.2284,34.9353],[37.2278,34.9364],[37.2248,34.9371],[37.2245,34.9378],[37.2231,34.94],[37.2221,34.9409],[37.2196,34.9421],[37.2189,34.9427],[37.218,34.9433],[37.2158,34.9455],[37.2079,34.9394],[37.1983,34.9425],[37.1973,34.9427],[37.1943,34.9439],[37.1913,34.9449],[37.185,34.9438],[37.1806,34.9434],[37.1767,34.9383],[37.174,34.9355],[37.1691,34.9278],[37.1672,34.9239],[37.1677,34.9236],[37.168,34.9225],[37.169,34.9206],[37.1695,34.9199],[37.1734,34.912],[37.1691,34.9106],[37.167,34.9095],[37.1634,34.9094],[37.1612,34.9115],[37.1594,34.9139],[37.1583,34.9151],[37.157,34.9156],[37.1556,34.9162],[37.1531,34.9169],[37.1492,34.9245],[37.1445,34.9254],[37.1412,34.925],[37.1339,34.9254],[37.1307,34.9248],[37.1146,34.9197],[37.1116,34.9126],[37.1107,34.91],[37.1108,34.9074],[37.112,34.9023],[37.0706,34.9043],[37.0706,34.8974],[37.0689,34.8969],[37.0649,34.8858],[37.051,34.8871],[37.0451,34.8878],[37.0377,34.8818],[37.0301,34.875],[37.0289,34.8743],[37.0286,34.8738],[37.0262,34.8717],[37.0209,34.8679],[37.0188,34.8667],[37.0157,34.8641],[37.0135,34.8633],[37.007,34.86],[37.0058,34.8593],[37.0051,34.8584],[37.0042,34.858],[37.0025,34.8577],[36.9936,34.8565],[36.9834,34.8558],[36.978,34.8546],[36.9773,34.8582],[36.9769,34.8581],[36.9755,34.8638],[36.9751,34.8649],[36.9708,34.8811],[36.9721,34.8821],[36.9711,34.892],[36.9642,34.8968],[36.957,34.9077],[36.9559,34.9114],[36.9579,34.9174],[36.9588,34.9188],[36.9591,34.9198],[36.9584,34.921],[36.9581,34.9228],[36.9577,34.9234],[36.9545,34.9256],[36.941,34.9564],[36.9269,34.9709],[36.9258,34.9715],[36.9244,34.9732],[36.922,34.9753],[36.9106,34.9776],[36.8928,34.9755],[36.888,34.9761],[36.8836,34.9775],[36.878,34.978],[36.8644,34.9778],[36.8578,34.9742],[36.8536,34.9705],[36.8492,34.9694],[36.8455,34.9669],[36.8414,34.965],[36.8325,34.9653],[36.8264,34.9658],[36.8153,34.9636],[36.8025,34.9517],[36.7991,34.9497],[36.795,34.9486],[36.7792,34.9492],[36.7686,34.9483],[36.7639,34.9486],[36.7578,34.9503],[36.7536,34.9492],[36.7492,34.9455],[36.7444,34.945],[36.7405,34.9464],[36.7375,34.9486],[36.7333,34.9489],[36.7294,34.9475],[36.7236,34.9408],[36.7153,34.9361],[36.7086,34.9347],[36.6958,34.9342],[36.6861,34.9308],[36.6791,34.9272],[36.6708,34.9255],[36.6669,34.9225],[36.6614,34.9203],[36.6589,34.9177],[36.6489,34.9125],[36.6364,34.9108],[36.6314,34.9114],[36.623,34.9092],[36.618,34.9092],[36.6139,34.9103],[36.5969,34.9167],[36.5897,34.9158],[36.5803,34.9122],[36.5742,34.908],[36.5619,34.9022],[36.5519,34.9011],[36.5442,34.9014],[36.5386,34.9036],[36.535,34.9075],[36.5341,34.9114],[36.5344,34.9183],[36.5328,34.9214],[36.5272,34.9239],[36.5175,34.9241],[36.5142,34.9258],[36.5139,34.9303],[36.5155,34.9336],[36.5225,34.9417],[36.5228,34.9461],[36.5211,34.9492],[36.5147,34.953],[36.5086,34.955],[36.4989,34.9544],[36.4933,34.9522],[36.4869,34.948],[36.4828,34.9425],[36.4786,34.9322],[36.4753,34.928],[36.4594,34.9205],[36.453,34.9144],[36.4503,34.9097],[36.4489,34.9039],[36.4505,34.8897],[36.4395,34.8975],[36.4244,34.8968],[36.4237,34.8912],[36.4165,34.873],[36.4121,34.8662],[36.4019,34.8604],[36.3909,34.8573],[36.3825,34.8633],[36.3792,34.8697],[36.3722,34.873],[36.3675,34.8725],[36.3611,34.8689],[36.3583,34.8666],[36.3494,34.8555],[36.3451,34.8531],[36.3408,34.8541],[36.3408,34.8571],[36.3369,34.8648],[36.3319,34.864],[36.3319,34.8642],[36.3304,34.8643],[36.3282,34.8698],[36.328,34.8725],[36.3247,34.88],[36.3291,34.8829],[36.3272,34.887],[36.3234,34.8836],[36.3221,34.8867],[36.3233,34.8916],[36.3224,34.8927],[36.3198,34.8907],[36.3176,34.8915],[36.3192,34.8969],[36.3169,34.8997],[36.3049,34.9078],[36.3046,34.9114],[36.3047,34.9129],[36.3009,34.9175],[36.3019,34.9186],[36.304,34.9206],[36.3012,34.9232],[36.2945,34.9208],[36.2893,34.9021],[36.2836,34.8917],[36.2794,34.8881],[36.2753,34.8822],[36.275,34.8814],[36.2755,34.8785],[36.275,34.8764],[36.2745,34.873],[36.273,34.8664],[36.2761,34.8616],[36.2836,34.8577],[36.2898,34.8562],[36.2987,34.8567],[36.3072,34.8639],[36.3195,34.871],[36.3238,34.8694],[36.3243,34.8648],[36.3162,34.8606],[36.3114,34.8562],[36.2805,34.8394],[36.275,34.8301],[36.27,34.826],[36.2584,34.8218],[36.2516,34.8191],[36.24,34.8178],[36.2361,34.8117],[36.2347,34.8061],[36.2308,34.8025],[36.2253,34.8],[36.22,34.7908],[36.2202,34.7868],[36.2174,34.7829],[36.211,34.7812],[36.2045,34.7792],[36.1978,34.7747],[36.1845,34.7672],[36.1828,34.7642],[36.177,34.7579],[36.1717,34.7553],[36.1636,34.7522],[36.1619,34.746],[36.1576,34.7432],[36.1551,34.7431],[36.1518,34.7367],[36.1505,34.7362],[36.1455,34.7366],[36.1432,34.735],[36.146,34.7319],[36.1442,34.6943],[36.1284,34.6885],[36.126,34.6863],[36.1317,34.6703],[36.1208,34.6606],[36.1129,34.6543],[36.109,34.6505],[36.1054,34.6441],[36.107,34.6401],[36.1141,34.6339],[36.1142,34.6336],[36.1152,34.6352],[36.1159,34.6358],[36.1163,34.6368],[36.117,34.6375],[36.1184,34.6383],[36.1201,34.6401],[36.1213,34.6409],[36.1218,34.6417],[36.1225,34.6418],[36.1241,34.6415],[36.1252,34.6419],[36.1271,34.6422],[36.1274,34.6418],[36.1273,34.6413],[36.1274,34.6409],[36.128,34.6401],[36.1284,34.6397],[36.1304,34.6389],[36.1312,34.6389],[36.1328,34.6387],[36.1345,34.6381],[36.1351,34.6382],[36.1369,34.636],[36.139,34.6352],[36.1401,34.6344],[36.1413,34.6344],[36.1422,34.6352],[36.1428,34.6354],[36.1439,34.6354],[36.145,34.6353],[36.1464,34.6355],[36.1469,34.6352],[36.148,34.6338],[36.1487,34.6333],[36.1494,34.633],[36.155,34.6333],[36.1585,34.6332],[36.1611,34.6335],[36.1619,34.6335],[36.1638,34.6318],[36.1705,34.6285],[36.1712,34.6285],[36.1727,34.6284],[36.1751,34.6288],[36.1755,34.6291],[36.1762,34.6303],[36.1766,34.6305],[36.1767,34.6311],[36.1765,34.632],[36.1765,34.6324],[36.1769,34.6329],[36.1798,34.6342],[36.1809,34.6343],[36.1816,34.6347],[36.1831,34.6351],[36.1834,34.6351],[36.1861,34.6356],[36.1879,34.6362],[36.1887,34.6367],[36.1894,34.6374],[36.1904,34.6371],[36.1924,34.6372],[36.1948,34.636],[36.1955,34.6359],[36.1982,34.6369],[36.1996,34.6371],[36.2049,34.6356],[36.2061,34.635],[36.2095,34.6317],[36.2103,34.6313],[36.2124,34.6306],[36.2134,34.6304],[36.2165,34.6307],[36.2192,34.6304],[36.2227,34.6284],[36.2237,34.6265],[36.2243,34.6261],[36.2262,34.6257],[36.2268,34.6258],[36.227,34.6263],[36.2268,34.6287],[36.2268,34.6294],[36.2277,34.6297],[36.2288,34.6295],[36.2323,34.6281],[36.2346,34.6279],[36.2365,34.6271],[36.2371,34.6271],[36.2374,34.6273],[36.2377,34.6276],[36.2378,34.6283],[36.2378,34.6294],[36.2376,34.6305],[36.2367,34.6318],[36.2367,34.6322],[36.2371,34.6326],[36.2376,34.6326],[36.2395,34.6313],[36.2403,34.6313],[36.2408,34.6315],[36.2424,34.6331],[36.2432,34.6356],[36.2437,34.6362],[36.2445,34.6358],[36.245,34.6346],[36.2458,34.6338],[36.2471,34.6332],[36.2484,34.6329],[36.255,34.6326],[36.2558,34.6324],[36.2574,34.6307],[36.2592,34.63],[36.261,34.6307],[36.2619,34.6303],[36.2629,34.6297],[36.2634,34.6285],[36.2642,34.6274],[36.2647,34.627],[36.2652,34.6269],[36.2661,34.6268],[36.2674,34.6272],[36.2693,34.6287],[36.2708,34.6296],[36.2715,34.6297],[36.2751,34.6299],[36.2757,34.6296],[36.2762,34.6283],[36.2765,34.628],[36.2781,34.6283],[36.2801,34.6295],[36.2821,34.6319],[36.2837,34.6325],[36.2852,34.6325],[36.2873,34.6302],[36.288,34.6301],[36.2887,34.6303],[36.2897,34.631],[36.2902,34.6314],[36.2909,34.6327],[36.2915,34.6333],[36.2923,34.6338],[36.2936,34.6342],[36.2961,34.6343],[36.2976,34.635],[36.2978,34.6358],[36.2977,34.6366],[36.2978,34.6374],[36.2984,34.6391],[36.3009,34.6403],[36.3018,34.6427],[36.3038,34.6452],[36.3042,34.6472],[36.3048,34.6479],[36.305,34.6517],[36.3053,34.6527],[36.3066,34.6536],[36.3075,34.6545],[36.3084,34.6546],[36.3086,34.6549],[36.3087,34.6555],[36.3081,34.657],[36.3072,34.6578],[36.3064,34.6592],[36.3051,34.6609],[36.3046,34.6629],[36.3043,34.6638],[36.3037,34.6643],[36.3034,34.6651],[36.303,34.6678],[36.3038,34.6689],[36.3047,34.6699],[36.306,34.6709],[36.3063,34.6715],[36.3065,34.6725],[36.3071,34.6736],[36.3072,34.6741],[36.307,34.6749],[36.3071,34.6755],[36.308,34.6771],[36.3088,34.6776],[36.3089,34.6778],[36.3085,34.6783],[36.3086,34.6786],[36.3095,34.6794],[36.3099,34.6801],[36.3104,34.6805],[36.3107,34.6814],[36.3107,34.6823],[36.3111,34.6828],[36.3118,34.6831],[36.3151,34.6836],[36.3156,34.6835],[36.316,34.6833],[36.3166,34.6834],[36.3171,34.6847],[36.3166,34.6854],[36.3167,34.6855],[36.3175,34.6861],[36.3196,34.6866],[36.3197,34.6868],[36.3196,34.6879],[36.32,34.6882],[36.3201,34.6889],[36.3214,34.6897],[36.322,34.6896],[36.3232,34.6891],[36.3242,34.6891],[36.3249,34.6893],[36.326,34.689],[36.3272,34.6893],[36.329,34.6891],[36.3294,34.6893],[36.3296,34.6901],[36.3299,34.6904],[36.3314,34.6906],[36.3319,34.6907],[36.3331,34.6908],[36.3345,34.6911],[36.3348,34.6914],[36.3348,34.692],[36.3351,34.6921],[36.3361,34.6919],[36.3375,34.6919],[36.3382,34.6921],[36.3396,34.6919],[36.34,34.6905],[36.3397,34.69],[36.3406,34.6885],[36.3411,34.6885],[36.3413,34.6887],[36.3435,34.6893],[36.3437,34.6896],[36.344,34.6896],[36.345,34.6887],[36.3449,34.6883],[36.3464,34.6876],[36.3464,34.687],[36.3468,34.6865],[36.3474,34.6862],[36.3479,34.6862],[36.3482,34.6857],[36.3497,34.685],[36.3501,34.6844],[36.3505,34.6843],[36.3509,34.6844],[36.3513,34.684],[36.3517,34.6839],[36.3523,34.684],[36.3526,34.6843],[36.3536,34.6844],[36.3542,34.684],[36.3548,34.6834],[36.3553,34.6834],[36.3556,34.6832],[36.3554,34.6824],[36.3555,34.6819],[36.3549,34.6814],[36.3553,34.6807],[36.3546,34.6803],[36.3547,34.6797],[36.3538,34.6797],[36.3537,34.6795],[36.3541,34.6789],[36.3541,34.6787],[36.3548,34.6781],[36.3553,34.677],[36.3552,34.6761],[36.3547,34.6756],[36.3549,34.6748],[36.3544,34.6738],[36.3535,34.6737],[36.3524,34.6728],[36.3515,34.6725],[36.3502,34.6711],[36.3503,34.6705],[36.3511,34.6698],[36.3512,34.6694],[36.3507,34.6684],[36.3511,34.6676],[36.3509,34.6668],[36.3513,34.6662],[36.3506,34.6653],[36.3494,34.6646],[36.3493,34.6637],[36.3493,34.6634],[36.3499,34.6627],[36.3498,34.6621],[36.3499,34.6617],[36.3507,34.6602],[36.3513,34.6596],[36.3524,34.6589],[36.3525,34.6585],[36.3527,34.6584],[36.3538,34.6583],[36.355,34.6575],[36.3552,34.6572],[36.355,34.6568],[36.355,34.656],[36.3547,34.6554],[36.3548,34.655],[36.3554,34.6544],[36.356,34.6542],[36.3569,34.6536],[36.3569,34.6531],[36.3574,34.652],[36.3582,34.6511],[36.3583,34.6506],[36.3595,34.6493],[36.3595,34.6477],[36.3597,34.6472],[36.36,34.6472],[36.3605,34.6477],[36.3609,34.6478],[36.3618,34.6474],[36.3619,34.6473],[36.3619,34.6467],[36.3632,34.6461],[36.3636,34.6451],[36.365,34.6437],[36.3655,34.6425],[36.3672,34.6423],[36.3679,34.6418],[36.3683,34.642],[36.3695,34.642],[36.371,34.6417],[36.3712,34.6415],[36.3713,34.6408],[36.3722,34.6401],[36.3731,34.6389],[36.3749,34.6386],[36.3757,34.638],[36.3762,34.6375],[36.377,34.6373],[36.3779,34.6368],[36.3785,34.6359],[36.38,34.6346],[36.3807,34.6336],[36.3836,34.6321],[36.3854,34.6324],[36.388,34.6317],[36.3889,34.6318],[36.3896,34.6313],[36.3904,34.6304],[36.3914,34.6301],[36.3918,34.6312],[36.3922,34.6316],[36.3944,34.6321],[36.3954,34.6326],[36.3962,34.6331],[36.3978,34.6347],[36.3996,34.6356],[36.4001,34.6368],[36.402,34.6377],[36.4024,34.6373],[36.4024,34.637],[36.4029,34.6369],[36.4031,34.6365],[36.4041,34.6362],[36.4041,34.6357],[36.4052,34.635],[36.4054,34.6346],[36.4058,34.6345],[36.4077,34.6332],[36.4085,34.633],[36.4089,34.6326],[36.4095,34.6324],[36.4107,34.6299],[36.4117,34.6293],[36.4135,34.629],[36.4141,34.6288],[36.4146,34.6285],[36.4154,34.6275],[36.4171,34.6265],[36.4184,34.6262],[36.4197,34.6264],[36.4202,34.6263],[36.4228,34.6262],[36.4243,34.6257],[36.4249,34.6257],[36.4256,34.6255],[36.4267,34.6257],[36.4301,34.6276],[36.4327,34.6272],[36.4338,34.6275],[36.4348,34.628],[36.4371,34.6298],[36.4379,34.6305],[36.438,34.6309],[36.4384,34.631],[36.4386,34.6317],[36.4391,34.6317],[36.4397,34.6323],[36.4412,34.6328],[36.4432,34.6341],[36.4449,34.6347],[36.4466,34.6354],[36.4475,34.6356],[36.4504,34.6369],[36.4523,34.6371],[36.4529,34.6375],[36.454,34.6377],[36.4584,34.638],[36.4604,34.6377],[36.4649,34.6365],[36.4648,34.6362],[36.4644,34.6357],[36.4629,34.6348],[36.4626,34.6343],[36.4617,34.634],[36.4611,34.6314],[36.4606,34.6301],[36.4594,34.6301],[36.4604,34.6277],[36.4607,34.6272],[36.4613,34.6268],[36.4611,34.6261],[36.4587,34.6262],[36.4583,34.6251],[36.4577,34.625],[36.4577,34.6246],[36.4573,34.6244],[36.4571,34.6236],[36.4575,34.6233],[36.4571,34.6221],[36.4568,34.6217],[36.4569,34.6208],[36.4572,34.6201],[36.4575,34.6199],[36.4574,34.6195],[36.4586,34.6196],[36.4587,34.619],[36.4596,34.6182],[36.4592,34.6173],[36.4593,34.6169],[36.4598,34.6167],[36.4605,34.616],[36.4599,34.6146],[36.4592,34.6139],[36.4587,34.6138],[36.4586,34.6135],[36.4593,34.613],[36.4607,34.6111],[36.4602,34.6097],[36.4594,34.6083],[36.4591,34.6081],[36.4577,34.6054],[36.4577,34.6052],[36.4587,34.6048],[36.4588,34.6045],[36.4581,34.6028],[36.458,34.6013],[36.4578,34.601],[36.4575,34.5988],[36.4572,34.5988],[36.4567,34.5989],[36.456,34.5988],[36.4557,34.5983],[36.4554,34.5982],[36.4549,34.5976],[36.4551,34.5973],[36.4551,34.5971],[36.4541,34.5969],[36.454,34.5944],[36.4531,34.5941],[36.453,34.5936],[36.4528,34.5934],[36.4525,34.5921],[36.4522,34.5917],[36.4491,34.5913],[36.4486,34.5915],[36.4472,34.5923],[36.4437,34.5926],[36.4424,34.5924],[36.4404,34.5916],[36.4386,34.5916],[36.4359,34.5913],[36.4348,34.5915],[36.4341,34.5918],[36.4332,34.5918],[36.4323,34.5921],[36.4316,34.5928],[36.4306,34.5997],[36.4293,34.6001],[36.4291,34.6008],[36.428,34.6013],[36.4272,34.6028],[36.4263,34.6029],[36.4256,34.6033],[36.4256,34.6044],[36.4249,34.6044],[36.4243,34.6041],[36.4238,34.6041],[36.4233,34.6047],[36.4212,34.6052],[36.4209,34.6057],[36.42,34.6059],[36.4199,34.6061],[36.4195,34.6062],[36.4183,34.6063],[36.4158,34.6058],[36.4145,34.6059],[36.4146,34.6067],[36.4143,34.6075],[36.4145,34.6077],[36.4149,34.6105],[36.4149,34.6113],[36.4147,34.6114],[36.4143,34.6115],[36.4133,34.6114],[36.4124,34.6106],[36.4107,34.6103],[36.4102,34.6103],[36.4091,34.6108],[36.4084,34.6108],[36.4072,34.6091],[36.4066,34.6091],[36.4047,34.6076],[36.4037,34.6075],[36.4037,34.6064],[36.4046,34.6056],[36.4048,34.6052],[36.4046,34.6047],[36.4037,34.6039],[36.4038,34.6035],[36.4047,34.603],[36.4052,34.6023],[36.4062,34.602],[36.4072,34.6009],[36.4072,34.6006],[36.4067,34.5994],[36.4054,34.5983],[36.4046,34.5973],[36.4044,34.5959],[36.4035,34.5953],[36.403,34.5948],[36.402,34.5921],[36.4021,34.591],[36.4025,34.5901],[36.4023,34.5896],[36.4025,34.5885],[36.4023,34.588],[36.4029,34.5876],[36.4032,34.5871],[36.4031,34.5868],[36.4027,34.5863],[36.4025,34.5856],[36.4028,34.5844],[36.4019,34.583],[36.4024,34.5824],[36.4024,34.582],[36.4018,34.5815],[36.4011,34.5813],[36.4007,34.5808],[36.3998,34.5802],[36.3992,34.5793],[36.399,34.5787],[36.3992,34.5785],[36.3992,34.5783],[36.3983,34.5777],[36.3991,34.5769],[36.3995,34.5769],[36.4002,34.5762],[36.4002,34.5755],[36.3998,34.5749],[36.3992,34.5744],[36.3997,34.5733],[36.4006,34.5728],[36.402,34.5716],[36.4017,34.5712],[36.4018,34.5707],[36.4025,34.5706],[36.4038,34.5698],[36.4044,34.5692],[36.4051,34.5682],[36.4057,34.5686],[36.4061,34.5686],[36.4069,34.5677],[36.4066,34.5671],[36.4068,34.567],[36.4079,34.5659],[36.4083,34.5656],[36.4089,34.5649],[36.4098,34.5644],[36.4102,34.564],[36.4116,34.5632],[36.413,34.5629],[36.4135,34.5626],[36.4151,34.5598],[36.415,34.5585],[36.4148,34.558],[36.4136,34.5575],[36.4129,34.5575],[36.4124,34.5566],[36.4111,34.5553],[36.4096,34.5552],[36.4093,34.5546],[36.4087,34.5545],[36.4085,34.5533],[36.4084,34.5523],[36.4075,34.5507],[36.4065,34.5509],[36.4059,34.5508],[36.4052,34.5509],[36.4046,34.5507],[36.4046,34.5504],[36.4038,34.5496],[36.4022,34.549],[36.4009,34.5482],[36.4002,34.5483],[36.3963,34.5467],[36.3936,34.5463],[36.3923,34.5444],[36.3905,34.5427],[36.3883,34.5419],[36.3851,34.5413],[36.3809,34.5397],[36.3766,34.5401],[36.3748,34.5396],[36.3698,34.5354],[36.369,34.5335],[36.3642,34.5311],[36.3616,34.5305],[36.3594,34.5296],[36.3548,34.5282],[36.336,34.5241],[36.3351,34.5232],[36.3345,34.5218],[36.3346,34.5204],[36.3349,34.52],[36.3344,34.5196],[36.3344,34.5189],[36.3342,34.5187],[36.3338,34.5187],[36.3338,34.5185],[36.3338,34.5178],[36.3342,34.5172],[36.3348,34.5155],[36.3364,34.5147],[36.3362,34.5136],[36.3367,34.5127],[36.3366,34.5121],[36.3361,34.5118],[36.3358,34.5114],[36.336,34.5108],[36.3364,34.5103],[36.3362,34.5085],[36.3365,34.5079],[36.3365,34.5072],[36.336,34.5069],[36.3358,34.5058],[36.3355,34.5053],[36.3355,34.505],[36.3358,34.5044],[36.3358,34.5036],[36.3351,34.5027],[36.3352,34.5025],[36.3375,34.5021],[36.3401,34.5022],[36.342,34.502],[36.3428,34.5028],[36.3439,34.5027],[36.3455,34.502],[36.346,34.5022],[36.3486,34.5022],[36.3503,34.5018],[36.351,34.5018],[36.3515,34.5017],[36.3518,34.5011],[36.3522,34.5006],[36.3535,34.5004],[36.3547,34.4999],[36.3556,34.5],[36.356,34.4996],[36.3571,34.4988],[36.3581,34.4983],[36.3598,34.498],[36.3612,34.4983],[36.3618,34.4987],[36.3624,34.4995],[36.3636,34.4999],[36.3652,34.5003],[36.3694,34.5005],[36.3713,34.5008],[36.3728,34.5013],[36.3738,34.5005],[36.3734,34.4994],[36.3738,34.499],[36.3742,34.4989],[36.376,34.4995],[36.3766,34.4994],[36.3772,34.4999],[36.3777,34.5017],[36.3796,34.5038],[36.3802,34.5037],[36.3808,34.5039],[36.3835,34.5035],[36.3841,34.5032],[36.3852,34.502],[36.3879,34.5011],[36.3896,34.5003],[36.3916,34.5],[36.3932,34.4994],[36.3956,34.5002],[36.3967,34.5003],[36.3993,34.5002],[36.402,34.5004],[36.4042,34.5012],[36.4048,34.5017],[36.4056,34.5033],[36.4077,34.5043],[36.4089,34.5056],[36.4098,34.5061],[36.4107,34.5069],[36.4114,34.5078],[36.4139,34.5097],[36.4184,34.5092],[36.4199,34.5088],[36.421,34.5083],[36.4242,34.5086],[36.4252,34.5084],[36.4261,34.5087],[36.4278,34.5085],[36.4285,34.5086],[36.4338,34.5076],[36.4344,34.5078],[36.4348,34.5087],[36.4389,34.507],[36.4394,34.5073],[36.4406,34.5075],[36.4419,34.5074],[36.4421,34.5076],[36.4423,34.5076],[36.4433,34.5073],[36.4445,34.5074],[36.4469,34.5071],[36.4473,34.5073],[36.4486,34.5069],[36.449,34.5057],[36.4496,34.5051],[36.4497,34.5035],[36.4486,34.5002],[36.4493,34.4954],[36.4548,34.4885],[36.4562,34.4832],[36.4598,34.4794],[36.461,34.4703],[36.4611,34.4699],[36.4617,34.4692],[36.4697,34.4629],[36.4763,34.4607],[36.4776,34.4596],[36.4799,34.4596],[36.4877,34.457],[36.4885,34.4561],[36.4929,34.4524],[36.4937,34.452],[36.4946,34.4511],[36.4953,34.45],[36.4978,34.4488],[36.5019,34.4484],[36.504,34.4492],[36.5054,34.4495],[36.508,34.4492],[36.5091,34.448],[36.5106,34.4468],[36.5111,34.446],[36.5129,34.4445],[36.5138,34.444],[36.5139,34.4438],[36.513,34.4425],[36.5108,34.4419],[36.5102,34.4412],[36.5096,34.4412],[36.5098,34.4408],[36.5094,34.4399],[36.5094,34.4393],[36.5099,34.4395],[36.5104,34.4402],[36.5107,34.4403],[36.5107,34.4406],[36.5112,34.441],[36.5121,34.441],[36.5129,34.4406],[36.5129,34.4405],[36.5121,34.4401],[36.512,34.4392],[36.5127,34.4387],[36.5134,34.4388],[36.5144,34.4377],[36.5141,34.4366],[36.5141,34.4362],[36.5127,34.436],[36.5132,34.4355],[36.5146,34.4355],[36.5148,34.4342],[36.515,34.434],[36.5156,34.434],[36.5162,34.4343],[36.5159,34.4348],[36.5159,34.4352],[36.5163,34.4362],[36.517,34.4369],[36.5183,34.4365],[36.522,34.4348],[36.5217,34.4338],[36.5223,34.4328],[36.5224,34.4306],[36.5237,34.4299],[36.5239,34.4293],[36.5234,34.4286],[36.5234,34.428],[36.5238,34.4275],[36.5241,34.4267],[36.5246,34.4266],[36.5265,34.4276],[36.5273,34.4284],[36.5275,34.4293],[36.5271,34.4304],[36.5269,34.4306],[36.5275,34.4312],[36.5273,34.4313],[36.5275,34.4315],[36.5288,34.4331],[36.531,34.4323],[36.5315,34.4319],[36.5317,34.4307],[36.5336,34.4299],[36.5335,34.4289],[36.533,34.4281],[36.5326,34.4269],[36.5326,34.4266],[36.5342,34.4261],[36.5356,34.4261],[36.5365,34.4258],[36.5376,34.4249],[36.5386,34.4236],[36.5403,34.4229],[36.541,34.4229],[36.5412,34.4227],[36.5414,34.422],[36.5419,34.4218],[36.5431,34.4221],[36.5437,34.4224],[36.5442,34.422],[36.5447,34.4223],[36.5455,34.4224],[36.5461,34.4212],[36.5462,34.4202],[36.5472,34.4193],[36.5473,34.4189],[36.5484,34.4175],[36.5496,34.4183],[36.5506,34.4176],[36.5519,34.4162],[36.5553,34.4132],[36.5604,34.4109],[36.5619,34.41],[36.5647,34.4087],[36.5658,34.4081],[36.5659,34.4075],[36.5663,34.4072],[36.5666,34.4071],[36.5671,34.4074],[36.5678,34.4064],[36.5688,34.4064],[36.571,34.4058],[36.5719,34.4051],[36.572,34.4049],[36.5702,34.4036],[36.5666,34.4016],[36.5655,34.4008],[36.563,34.3978],[36.5591,34.3948],[36.5556,34.3913],[36.5542,34.3894],[36.5526,34.3881],[36.5507,34.3858],[36.5495,34.3849],[36.5467,34.3836],[36.5457,34.3824],[36.5446,34.3816],[36.5391,34.3787],[36.5384,34.3781],[36.537,34.3753],[36.5361,34.3747],[36.5337,34.3735],[36.5318,34.3717],[36.5287,34.3701],[36.5285,34.3696],[36.5297,34.3676],[36.5297,34.3671],[36.5301,34.367],[36.5304,34.3647],[36.5309,34.364],[36.531,34.3632],[36.5327,34.3614],[36.5331,34.3597],[36.5337,34.3593],[36.5343,34.3592],[36.5349,34.3587],[36.5352,34.3588],[36.5367,34.3583],[36.5368,34.3581],[36.538,34.3572],[36.5381,34.3569],[36.5388,34.3562],[36.5392,34.3546],[36.5392,34.3541],[36.5405,34.3519],[36.5415,34.3475],[36.5427,34.3453],[36.5428,34.344],[36.5431,34.3433],[36.543,34.3428],[36.5438,34.3421],[36.5446,34.3406],[36.5465,34.3383],[36.5466,34.3377],[36.5472,34.3364],[36.5492,34.334],[36.5503,34.3332],[36.5545,34.331],[36.5533,34.3278],[36.5584,34.327],[36.5589,34.3264],[36.5594,34.3251],[36.5592,34.3232],[36.5619,34.3203],[36.5644,34.3186],[36.5672,34.3181],[36.57,34.3181],[36.5728,34.3183],[36.5756,34.3169],[36.5783,34.315],[36.5811,34.3147],[36.5867,34.3158],[36.5922,34.3158],[36.595,34.315],[36.5978,34.3128],[36.6006,34.3094],[36.6031,34.3019],[36.6003,34.2944],[36.5975,34.2919],[36.5923,34.2878],[36.5864,34.2836],[36.5836,34.2814],[36.5806,34.2775]]]},"properties":{"province_name":"Homs"}},{"type":"Feature","geometry":{"type":"Polygon","coordinates":[[[35.978,33.5423],[35.9767,33.5425],[35.9742,33.5425],[35.9714,33.5419],[35.9695,33.5402],[35.9685,33.5371],[35.9667,33.5358],[35.9638,33.5355],[35.9613,33.5355],[35.9575,33.5358],[35.9547,33.535],[35.9519,33.5339],[35.9439,33.5297],[35.9411,33.5278],[35.9389,33.5208],[35.9417,33.5161],[35.9442,33.5136],[35.9469,33.5117],[35.9497,33.5094],[35.9525,33.5064],[35.9553,33.5],[35.9533,33.4881],[35.9481,33.4806],[35.9425,33.4744],[35.9397,33.4717],[35.9342,33.4667],[35.9314,33.4644],[35.9258,33.4611],[35.9206,33.4575],[35.9178,33.4553],[35.9094,33.4494],[35.9067,33.4478],[35.9039,33.4453],[35.9011,33.4433],[35.8956,33.4381],[35.8931,33.4353],[35.8875,33.4314],[35.8847,33.43],[35.8819,33.4289],[35.8792,33.4275],[35.8764,33.4258],[35.8736,33.425],[35.8708,33.4239],[35.8683,33.4233],[35.8628,33.4217],[35.86,33.4211],[35.8544,33.4189],[35.8517,33.4172],[35.8464,33.4147],[35.8408,33.4125],[35.8381,33.4111],[35.8325,33.4089],[35.8297,33.4072],[35.8269,33.405],[35.8244,33.4022],[35.8217,33.3969],[35.8189,33.3889],[35.8161,33.3708],[35.8133,33.3639],[35.8125,33.3629],[35.8295,33.3556],[35.8494,33.3378],[35.8561,33.3315],[35.8714,33.3187],[35.8718,33.3129],[35.885,33.3081],[35.8917,33.3044],[35.8942,33.3019],[35.8956,33.2986],[35.885,33.2847],[35.9189,33.2561],[35.935,33.2533],[35.9536,33.2533],[35.9603,33.2519],[35.9636,33.2478],[35.9642,33.2439],[35.9631,33.2311],[35.9633,33.2117],[35.9617,33.2047],[35.9703,33.2005],[35.9836,33.1981],[35.9872,33.1964],[35.9903,33.1919],[35.9942,33.1817],[35.9975,33.1797],[36.0133,33.1769],[36.0242,33.1772],[36.0311,33.178],[36.0408,33.1814],[36.0455,33.1842],[36.0583,33.1942],[36.068,33.2],[36.0772,33.2039],[36.0853,33.2061],[36.095,33.2072],[36.1031,33.2069],[36.1255,33.2028],[36.1405,33.2022],[36.1508,33.205],[36.1661,33.2128],[36.1758,33.2158],[36.1847,33.2175],[36.2022,33.2189],[36.2064,33.22],[36.2122,33.2242],[36.2169,33.2342],[36.2219,33.2411],[36.2261,33.2514],[36.2258,33.2578],[36.2206,33.2742],[36.2206,33.2786],[36.2222,33.2839],[36.2253,33.2883],[36.2303,33.2908],[36.235,33.2911],[36.24,33.2883],[36.2458,33.2794],[36.2539,33.2703],[36.2583,33.2669],[36.2692,33.2625],[36.2736,33.2592],[36.275,33.2558],[36.2764,33.2433],[36.28,33.2394],[36.2872,33.2364],[36.3047,33.235],[36.3111,33.2333],[36.3164,33.2286],[36.3211,33.2189],[36.3258,33.2158],[36.3328,33.2128],[36.3414,33.2039],[36.3719,33.1972],[36.3772,33.1969],[36.3836,33.1986],[36.3875,33.2022],[36.3886,33.2061],[36.3892,33.2172],[36.3905,33.2206],[36.3939,33.2247],[36.4133,33.2405],[36.4289,33.2505],[36.4361,33.2536],[36.4636,33.2692],[36.4747,33.2739],[36.4806,33.2781],[36.4886,33.2875],[36.4928,33.2908],[36.5017,33.295],[36.5055,33.2964],[36.508,33.2964],[36.5117,33.2947],[36.5167,33.29],[36.5211,33.2822],[36.5253,33.2697],[36.5297,33.2622],[36.5406,33.2505],[36.5481,33.2453],[36.5586,33.2358],[36.5644,33.2292],[36.5681,33.2208],[36.5678,33.2017],[36.5689,33.1981],[36.5708,33.1953],[36.5736,33.1925],[36.5831,33.1961],[36.5903,33.1969],[36.6086,33.1972],[36.635,33.1992],[36.6483,33.2017],[36.6578,33.2025],[36.685,33.2078],[36.7067,33.2103],[36.74,33.2117],[36.7678,33.218],[36.7817,33.2228],[36.8036,33.2272],[36.8136,33.2278],[36.8222,33.2256],[36.8255,33.2236],[36.8347,33.2153],[36.8394,33.2125],[36.8475,33.2053],[36.855,33.2],[36.8786,33.19],[36.8869,33.1855],[36.8997,33.1736],[36.9036,33.1675],[36.9067,33.1519],[36.9081,33.1486],[36.9225,33.1353],[36.9408,33.1208],[36.9497,33.1122],[36.9536,33.1042],[36.9542,33.0911],[36.9561,33.0833],[36.9578,33.0803],[36.97,33.0697],[36.9783,33.0653],[36.9867,33.063],[36.9989,33.0617],[37.0303,33.0603],[37.0467,33.0581],[37.0653,33.0528],[37.0778,33.0472],[37.0872,33.0389],[37.0972,33.0358],[37.1019,33.0331],[37.1044,33.0305],[37.1061,33.0272],[37.1067,33.0233],[37.1053,33.0178],[37.1061,33.0094],[37.1114,33.0022],[37.1186,32.9969],[37.123,32.9869],[37.1305,32.9819],[37.133,32.9728],[37.1353,32.97],[37.1397,32.9669],[37.1436,32.9656],[37.1622,32.9605],[37.1689,32.9567],[37.1744,32.9522],[37.1853,32.9475],[37.1928,32.9447],[37.2,32.9455],[37.2053,32.9481],[37.2089,32.9519],[37.2189,32.9592],[37.2256,32.9605],[37.2283,32.9605],[37.2344,32.9589],[37.2422,32.9561],[37.2505,32.9517],[37.2642,32.94],[37.2703,32.9314],[37.2717,32.9281],[37.275,32.9164],[37.2778,32.8936],[37.2781,32.8803],[37.2794,32.8703],[37.2817,32.8653],[37.2892,32.8556],[37.3119,32.8383],[37.3175,32.8336],[37.3253,32.8242],[37.3386,32.8147],[37.3496,32.8051],[37.3769,32.7833],[37.3833,32.7794],[37.3917,32.7728],[37.4,32.7683],[37.4058,32.7639],[37.4131,32.7564],[37.4203,32.7464],[37.4294,32.7381],[37.4542,32.7242],[37.4656,32.72],[37.4689,32.7161],[37.4853,32.7025],[37.4922,32.6944],[37.494,32.6926],[37.4964,32.6934],[37.498,32.6944],[37.4998,32.6949],[37.5043,32.6971],[37.5052,32.6983],[37.5089,32.7011],[37.5094,32.7013],[37.5175,32.7128],[37.5205,32.7176],[37.5336,32.7215],[37.5353,32.7213],[37.5367,32.722],[37.55,32.7243],[37.5519,32.7244],[37.5542,32.7241],[37.5592,32.724],[37.56,32.7238],[37.5622,32.7243],[37.5627,32.7245],[37.5622,32.726],[37.5624,32.7268],[37.5634,32.7284],[37.5639,32.7288],[37.5638,32.7291],[37.5644,32.7305],[37.5647,32.7307],[37.5654,32.732],[37.5663,32.733],[37.5667,32.7332],[37.5691,32.7334],[37.5731,32.7331],[37.578,32.7331],[37.5829,32.7337],[37.5881,32.7346],[37.5939,32.7352],[37.615,32.7396],[37.6229,32.74],[37.6359,32.7418],[37.6424,32.7433],[37.6447,32.7441],[37.646,32.7443],[37.6483,32.7445],[37.6524,32.7443],[37.6541,32.7439],[37.6554,32.7439],[37.6578,32.7435],[37.6602,32.7437],[37.6647,32.7451],[37.6687,32.7458],[37.6768,32.7464],[37.6774,32.7467],[37.6779,32.7467],[37.6786,32.747],[37.6818,32.7478],[37.6824,32.7478],[37.6844,32.7473],[37.6869,32.7475],[37.6899,32.7485],[37.6926,32.7503],[37.6943,32.7511],[37.6953,32.7518],[37.6969,32.7524],[37.6984,32.7533],[37.7007,32.7538],[37.7035,32.755],[37.7045,32.756],[37.7075,32.7579],[37.7113,32.7576],[37.7137,32.7577],[37.7168,32.7575],[37.7176,32.7576],[37.7204,32.7587],[37.7227,32.7594],[37.7242,32.7603],[37.7257,32.7603],[37.7271,32.7601],[37.7287,32.7609],[37.7293,32.761],[37.7307,32.7608],[37.7326,32.7616],[37.7341,32.7617],[37.7371,32.7614],[37.7402,32.7617],[37.7424,32.7629],[37.743,32.7636],[37.7441,32.764],[37.7461,32.7659],[37.7474,32.769],[37.7492,32.7714],[37.7526,32.7743],[37.7627,32.7779],[37.7636,32.7785],[37.7643,32.7803],[37.7673,32.7835],[37.7729,32.791],[37.7756,32.7954],[37.7763,32.7969],[37.7768,32.7984],[37.7783,32.8015],[37.78,32.8036],[37.7812,32.806],[37.7838,32.8106],[37.7842,32.8111],[37.7848,32.8115],[37.7855,32.8128],[37.7864,32.8156],[37.787,32.8165],[37.787,32.8176],[37.7877,32.8199],[37.789,32.8249],[37.7905,32.8293],[37.792,32.8327],[37.7934,32.8378],[37.7955,32.8419],[37.7972,32.8436],[37.8033,32.8467],[37.8191,32.8552],[37.8236,32.8578],[37.8283,32.861],[37.8324,32.8635],[37.8412,32.8681],[37.8437,32.8695],[37.8472,32.8733],[37.8504,32.8734],[37.852,32.8739],[37.8669,32.8816],[37.8701,32.8834],[37.8788,32.888],[37.8813,32.8894],[37.888,32.8939],[37.8893,32.8944],[37.8921,32.8951],[37.8981,32.8969],[37.9001,32.8977],[37.943,32.9219],[37.9698,32.9362],[37.983,32.9435],[38.0198,32.9631],[38.0284,32.9679],[38.0358,32.9712],[38.0426,32.9749],[38.0466,32.9774],[38.0487,32.9785],[38.0529,32.9814],[38.055,32.9823],[38.0677,32.9892],[38.0749,32.9928],[38.0782,32.9946],[38.0868,32.999],[38.0927,33.0017],[38.0957,33.0036],[38.1013,33.0067],[38.1336,33.0241],[38.1375,33.0263],[38.1486,33.0321],[38.1622,33.04],[38.1849,33.0523],[38.1944,33.0571],[38.203,33.0618],[38.2104,33.0656],[38.2268,33.0759],[38.2369,33.0813],[38.2461,33.0855],[38.257,33.0901],[38.2636,33.0932],[38.2705,33.0968],[38.2728,33.0978],[38.2849,33.1046],[38.2988,33.1119],[38.3214,33.1246],[38.3389,33.1347],[38.3448,33.1384],[38.3503,33.1416],[38.3617,33.1612],[38.3626,33.1625],[38.3633,33.1631],[38.3672,33.1647],[38.3758,33.1668],[38.3857,33.1678],[38.397,33.1695],[38.4143,33.1745],[38.4276,33.1801],[38.5151,33.2262],[38.548,33.2434],[38.553,33.2459],[38.5756,33.2578],[38.581,33.2609],[38.5905,33.2665],[38.6175,33.28],[38.6369,33.2906],[38.6452,33.2948],[38.6507,33.2977],[38.6567,33.3004],[38.6642,33.3044],[38.6719,33.3083],[38.6749,33.31],[38.6816,33.3146],[38.69,33.3179],[38.6921,33.3189],[38.6951,33.3206],[38.701,33.3244],[38.7151,33.3315],[38.7282,33.3377],[38.7323,33.3399],[38.7361,33.3422],[38.7582,33.3559],[38.7603,33.3567],[38.7624,33.3568],[38.7658,33.3567],[38.7683,33.3572],[38.7776,33.3633],[38.7786,33.3642],[38.7806,33.3656],[38.7826,33.3668],[38.7868,33.3702],[38.793,33.3734],[38.7926,33.3745],[38.7936,33.3751],[38.8047,33.381],[38.8537,33.4068],[38.9297,33.4459],[39.0071,33.4867],[39.0101,33.4881],[39.0274,33.4972],[39.0274,33.4975],[39.029,33.4981],[39.0331,33.5005],[39.0498,33.5085],[39.0518,33.5094],[39.0602,33.514],[39.066,33.5175],[39.0678,33.5182],[39.0725,33.5206],[39.0858,33.5275],[39.0916,33.5302],[39.104,33.5368],[39.1084,33.5389],[39.1339,33.5519],[39.009,33.7488],[37.8871,33.9168],[37.7697,33.9211],[37.7574,33.9305],[37.6192,33.928],[37.5978,33.939],[37.5875,33.9526],[37.588,33.9684],[37.5794,33.98],[37.5722,33.982],[37.5325,33.9755],[37.4689,33.9566],[37.3942,33.9447],[37.3837,33.9448],[37.368,33.9375],[37.34,33.9263],[37.2859,33.932],[37.2795,33.9366],[37.248,33.9494],[37.2447,33.9514],[37.2367,33.9517],[37.2175,33.9494],[37.2019,33.9489],[37.1947,33.9497],[37.1824,33.9501],[37.1765,33.9504],[37.1531,33.9547],[37.1283,33.9628],[37.1135,33.9646],[37.0851,33.9665],[37.0614,33.9659],[37.0653,34.0115],[37.0523,34.0108],[37.0373,34.017],[37.0286,34.0221],[37.0093,34.0251],[36.9593,34.0465],[36.9865,34.0783],[37.0028,34.1051],[37.0083,34.1076],[36.9731,34.1169],[36.953,34.1252],[36.9411,34.135],[36.9357,34.1482],[36.9292,34.1672],[36.9092,34.1847],[36.9047,34.1903],[36.8919,34.2028],[36.8758,34.2236],[36.8669,34.23],[36.8594,34.2294],[36.8256,34.2489],[36.7932,34.2434],[36.7357,34.2312],[36.7192,34.2246],[36.6911,34.2194],[36.6864,34.22],[36.6783,34.22],[36.6669,34.218],[36.6519,34.2189],[36.6442,34.2161],[36.6342,34.2102],[36.625,34.2039],[36.6232,34.1992],[36.6228,34.1987],[36.6219,34.1983],[36.6144,34.1961],[36.6117,34.1956],[36.6089,34.1961],[36.6061,34.1964],[36.6033,34.1925],[36.6006,34.1914],[36.5978,34.1914],[36.595,34.1894],[36.5894,34.1719],[36.5864,34.1647],[36.5836,34.1625],[36.5808,34.1611],[36.5753,34.1589],[36.5725,34.1569],[36.5697,34.1419],[36.5669,34.1367],[36.5642,34.1347],[36.5586,34.1336],[36.5503,34.1331],[36.5475,34.1322],[36.5447,34.1311],[36.5419,34.1294],[36.5392,34.1264],[36.5364,34.1222],[36.5336,34.1175],[36.5308,34.1147],[36.5281,34.1125],[36.5253,34.1106],[36.5169,34.1072],[36.5142,34.105],[36.5111,34.1017],[36.5083,34.0944],[36.5092,34.0725],[36.5064,34.0667],[36.5036,34.0636],[36.5008,34.0628],[36.4981,34.0636],[36.4953,34.0633],[36.4925,34.0592],[36.4842,34.0575],[36.4814,34.0553],[36.4786,34.0525],[36.4758,34.0506],[36.4675,34.0483],[36.4647,34.0481],[36.4622,34.0483],[36.4539,34.0486],[36.4511,34.05],[36.4483,34.0519],[36.4456,34.0547],[36.4428,34.0569],[36.4403,34.0586],[36.4375,34.0594],[36.4347,34.0597],[36.4319,34.0594],[36.4292,34.0586],[36.4208,34.0517],[36.4181,34.0506],[36.4153,34.0503],[36.4097,34.0508],[36.4069,34.0508],[36.4042,34.0492],[36.4047,34.0389],[36.4031,34.0342],[36.4003,34.0339],[36.3975,34.0339],[36.3947,34.0328],[36.3919,34.0308],[36.3892,34.0244],[36.3864,34.0206],[36.3806,34.0153],[36.3697,34.0081],[36.3642,34.0053],[36.3586,34.0019],[36.3531,33.9992],[36.3503,33.9972],[36.3447,33.9922],[36.3419,33.99],[36.3364,33.9844],[36.3336,33.9819],[36.3308,33.9797],[36.3281,33.9778],[36.3253,33.9722],[36.3222,33.9681],[36.3194,33.9647],[36.3139,33.9592],[36.3111,33.9561],[36.3083,33.9522],[36.3056,33.9458],[36.3028,33.9408],[36.3,33.9367],[36.2972,33.9333],[36.2944,33.9294],[36.2917,33.9261],[36.2833,33.9178],[36.2817,33.9108],[36.2844,33.9075],[36.2872,33.9061],[36.2925,33.9039],[36.2981,33.9022],[36.3008,33.9011],[36.3092,33.8964],[36.3117,33.8942],[36.3144,33.8914],[36.32,33.8828],[36.3253,33.8789],[36.3281,33.8781],[36.3308,33.8778],[36.3336,33.8778],[36.3364,33.8781],[36.3419,33.8792],[36.3447,33.88],[36.3475,33.8806],[36.3558,33.8814],[36.3583,33.8811],[36.3611,33.8803],[36.3639,33.8792],[36.3667,33.8775],[36.3694,33.8736],[36.3722,33.8678],[36.3747,33.8661],[36.3775,33.8647],[36.3803,33.8639],[36.3831,33.8628],[36.3858,33.8611],[36.3886,33.8586],[36.3911,33.8544],[36.3898,33.8451],[36.3903,33.8434],[36.3945,33.8371],[36.3964,33.8336],[36.3935,33.8306],[36.3923,33.8303],[36.3898,33.8303],[36.3889,33.8299],[36.3875,33.8286],[36.3833,33.829],[36.3779,33.8314],[36.3718,33.8325],[36.369,33.8324],[36.3674,33.8316],[36.3603,33.8293],[36.3555,33.8297],[36.3515,33.8292],[36.3473,33.83],[36.3449,33.8309],[36.3394,33.8314],[36.3369,33.8322],[36.3342,33.8328],[36.3258,33.8328],[36.3231,33.8331],[36.3147,33.8372],[36.3122,33.8392],[36.3094,33.8408],[36.3036,33.8419],[36.301,33.8427],[36.2983,33.8439],[36.29,33.8411],[36.2875,33.8408],[36.2847,33.8431],[36.2792,33.8494],[36.2764,33.8519],[36.2736,33.8542],[36.2711,33.8556],[36.2683,33.8561],[36.2656,33.8561],[36.2628,33.8558],[36.26,33.8547],[36.2572,33.8547],[36.2544,33.8564],[36.2517,33.8583],[36.2499,33.8576],[36.2467,33.8544],[36.2449,33.8544],[36.2408,33.8564],[36.2381,33.8525],[36.235,33.8439],[36.2297,33.8425],[36.2214,33.8417],[36.2186,33.8403],[36.2158,33.8364],[36.2131,33.8356],[36.2075,33.8356],[36.2047,33.8344],[36.2019,33.8331],[36.1992,33.8331],[36.1939,33.8342],[36.1883,33.8347],[36.1856,33.8356],[36.1828,33.8361],[36.1772,33.8378],[36.1744,33.8389],[36.1717,33.8417],[36.1692,33.8453],[36.1664,33.8497],[36.1636,33.8533],[36.1608,33.8553],[36.1581,33.8564],[36.1553,33.8564],[36.1525,33.8553],[36.1497,33.8528],[36.1469,33.85],[36.1414,33.8419],[36.1389,33.84],[36.1361,33.8389],[36.1333,33.8389],[36.1307,33.8386],[36.1276,33.8386],[36.1168,33.8375],[36.1136,33.8365],[36.1111,33.8347],[36.1076,33.8295],[36.1054,33.8268],[36.1028,33.8244],[36.1,33.8233],[36.0973,33.8219],[36.0947,33.8209],[36.0892,33.8197],[36.0864,33.8209],[36.0836,33.8231],[36.0808,33.8261],[36.0763,33.8267],[36.0707,33.824],[36.0655,33.82],[36.0617,33.815],[36.0589,33.8078],[36.0558,33.8008],[36.0506,33.7936],[36.045,33.7853],[36.0422,33.7819],[36.0394,33.7778],[36.0367,33.7731],[36.0339,33.7714],[36.0311,33.7708],[36.0256,33.7719],[36.0207,33.7695],[36.0172,33.7697],[36.0127,33.7708],[36.0101,33.7694],[36.0084,33.7665],[36.0117,33.7633],[36.0089,33.7594],[36.0033,33.7542],[36.0006,33.7503],[35.9978,33.7453],[35.9958,33.7394],[35.9931,33.7342],[35.9878,33.7286],[35.985,33.7267],[35.9794,33.7239],[35.9767,33.7228],[35.9739,33.7214],[35.9711,33.7189],[35.9683,33.715],[35.9694,33.7014],[35.9719,33.6933],[35.9682,33.6837],[35.967,33.6815],[35.9661,33.6805],[35.9639,33.6794],[35.9601,33.6795],[35.9586,33.6786],[35.9522,33.6727],[35.9478,33.6692],[35.945,33.6675],[35.9422,33.6653],[35.9394,33.6628],[35.9367,33.6594],[35.9339,33.6547],[35.935,33.6461],[35.9378,33.6431],[35.9406,33.6408],[35.9433,33.6389],[35.9458,33.6375],[35.9486,33.6369],[35.9514,33.6369],[35.9542,33.6375],[35.9569,33.6383],[35.9653,33.6414],[35.9681,33.6419],[35.9708,33.6422],[35.9733,33.6417],[35.9723,33.639],[35.9723,33.6375],[35.9735,33.6306],[35.9816,33.623],[35.9842,33.6195],[35.989,33.618],[35.9947,33.6211],[35.9988,33.6194],[36.0012,33.6187],[36.0035,33.6188],[36.0078,33.618],[36.012,33.6175],[36.0149,33.6166],[36.0157,33.6156],[36.0191,33.6137],[36.0228,33.6082],[36.0239,33.6028],[36.0258,33.5976],[36.0311,33.5939],[36.035,33.5934],[36.0351,33.5899],[36.0398,33.5881],[36.0466,33.5879],[36.0488,33.5884],[36.0511,33.5895],[36.054,33.5912],[36.0611,33.5878],[36.0592,33.5794],[36.0511,33.5717],[36.0483,33.5694],[36.0428,33.5631],[36.0372,33.5561],[36.0344,33.5533],[36.0317,33.5511],[36.0289,33.5492],[36.0261,33.5481],[36.0233,33.5475],[36.0153,33.5469],[36.0125,33.5464],[36.0097,33.545],[36.0014,33.5403],[35.9958,33.5381],[35.9933,33.5378],[35.9906,33.5381],[35.985,33.5397],[35.9794,33.5419],[35.978,33.5423]],[[36.28,33.4741],[36.2791,33.4753],[36.2789,33.4758],[36.276,33.4741],[36.2726,33.4705],[36.2719,33.4699],[36.2663,33.4685],[36.2653,33.4698],[36.2473,33.4762],[36.2471,33.4761],[36.247,33.4762],[36.2471,33.4764],[36.2433,33.48],[36.2415,33.4793],[36.24,33.4792],[36.238,33.4783],[36.2385,33.4762],[36.238,33.4757],[36.237,33.4757],[36.2362,33.476],[36.2357,33.4757],[36.2353,33.4757],[36.2318,33.4744],[36.2317,33.4741],[36.2323,33.4733],[36.2299,33.4716],[36.2275,33.4727],[36.2251,33.4719],[36.2251,33.4717],[36.2263,33.47],[36.2223,33.4683],[36.2188,33.4724],[36.2144,33.4702],[36.209,33.4697],[36.207,33.4693],[36.2063,33.4702],[36.2072,33.4716],[36.2059,33.4731],[36.2069,33.4741],[36.2088,33.4781],[36.2097,33.479],[36.208,33.4817],[36.2051,33.4856],[36.2103,33.486],[36.2093,33.5118],[36.2086,33.516],[36.1992,33.5146],[36.1972,33.5251],[36.2024,33.5288],[36.2049,33.5296],[36.2028,33.5306],[36.2036,33.5315],[36.2032,33.5319],[36.2038,33.5326],[36.204,33.5339],[36.2045,33.5342],[36.2064,33.5347],[36.209,33.535],[36.2112,33.5373],[36.2124,33.5393],[36.2139,33.5384],[36.2145,33.537],[36.2149,33.5369],[36.2165,33.5375],[36.2171,33.5375],[36.2174,33.5373],[36.218,33.5378],[36.2188,33.5382],[36.2206,33.5385],[36.2217,33.5394],[36.2226,33.5396],[36.2231,33.54],[36.2231,33.5404],[36.2222,33.541],[36.2223,33.5415],[36.223,33.5421],[36.2228,33.543],[36.2231,33.545],[36.2234,33.545],[36.2245,33.5446],[36.2253,33.5446],[36.2262,33.5459],[36.227,33.5464],[36.2277,33.5464],[36.2283,33.5462],[36.2308,33.5445],[36.2312,33.5436],[36.2313,33.5424],[36.2315,33.5419],[36.239,33.5461],[36.2409,33.5459],[36.2418,33.547],[36.2421,33.5471],[36.2433,33.5474],[36.2448,33.5474],[36.2471,33.5479],[36.2474,33.548],[36.2479,33.5486],[36.2502,33.5501],[36.2627,33.5547],[36.2699,33.5579],[36.2721,33.5559],[36.2726,33.5557],[36.2737,33.5558],[36.2748,33.5565],[36.2754,33.5573],[36.2764,33.5581],[36.2775,33.5599],[36.2796,33.5624],[36.2804,33.5636],[36.2837,33.5624],[36.2848,33.5627],[36.2873,33.564],[36.2884,33.5639],[36.3152,33.5651],[36.3154,33.5652],[36.3138,33.5662],[36.3136,33.5669],[36.3137,33.5674],[36.314,33.5678],[36.3158,33.5688],[36.3158,33.569],[36.3144,33.5695],[36.3141,33.5698],[36.3141,33.5702],[36.3153,33.5704],[36.3157,33.5706],[36.316,33.571],[36.3173,33.5714],[36.318,33.5708],[36.3186,33.5706],[36.3214,33.5718],[36.3219,33.5717],[36.3226,33.5713],[36.3227,33.571],[36.3214,33.5692],[36.321,33.5689],[36.3205,33.5692],[36.3203,33.569],[36.3206,33.5685],[36.3207,33.568],[36.3224,33.5686],[36.3236,33.5693],[36.3238,33.5692],[36.3246,33.5685],[36.325,33.5684],[36.3255,33.5678],[36.327,33.5671],[36.3268,33.5663],[36.3261,33.5659],[36.3257,33.5654],[36.3259,33.5646],[36.3252,33.5641],[36.326,33.5643],[36.3272,33.5642],[36.3282,33.5637],[36.3289,33.5639],[36.3294,33.5645],[36.3304,33.5651],[36.3301,33.5636],[36.3301,33.5634],[36.3305,33.5633],[36.3326,33.5639],[36.3344,33.5648],[36.3362,33.5589],[36.3378,33.5589],[36.3397,33.5591],[36.3434,33.5586],[36.3451,33.5581],[36.3479,33.558],[36.3508,33.5581],[36.354,33.5566],[36.3551,33.5565],[36.3559,33.5567],[36.3547,33.5524],[36.354,33.549],[36.3531,33.5456],[36.344,33.5266],[36.3437,33.5257],[36.3482,33.5268],[36.3491,33.525],[36.3498,33.5249],[36.3502,33.5238],[36.3496,33.5235],[36.3498,33.5224],[36.3505,33.5209],[36.35,33.5206],[36.3486,33.5206],[36.3487,33.5195],[36.343,33.5186],[36.3402,33.5185],[36.3321,33.5011],[36.3309,33.4978],[36.3305,33.4964],[36.3299,33.4952],[36.3296,33.4948],[36.3285,33.4941],[36.328,33.4933],[36.327,33.4899],[36.327,33.4893],[36.3274,33.489],[36.3269,33.4888],[36.3258,33.4897],[36.3239,33.49],[36.3237,33.4896],[36.3239,33.4888],[36.3251,33.4858],[36.3234,33.4856],[36.3214,33.4855],[36.3197,33.4846],[36.3175,33.4845],[36.3173,33.4808],[36.3145,33.4806],[36.3157,33.4783],[36.3196,33.4784],[36.3197,33.4786],[36.3197,33.4784],[36.32,33.4784],[36.32,33.4783],[36.3218,33.4779],[36.3216,33.4776],[36.3214,33.474],[36.32,33.474],[36.3173,33.4737],[36.3179,33.4722],[36.3187,33.4693],[36.3181,33.4693],[36.3173,33.4695],[36.3137,33.4716],[36.3138,33.4713],[36.3154,33.4704],[36.315,33.4682],[36.315,33.4663],[36.3143,33.4639],[36.3144,33.4629],[36.3137,33.4619],[36.3107,33.4614],[36.3088,33.463],[36.3071,33.4652],[36.3066,33.4653],[36.3038,33.4647],[36.3032,33.4674],[36.3002,33.4674],[36.2993,33.4676],[36.2985,33.4681],[36.2979,33.4673],[36.2971,33.4671],[36.296,33.4651],[36.2974,33.4643],[36.2985,33.463],[36.2989,33.462],[36.2991,33.4613],[36.2978,33.4624],[36.2974,33.4624],[36.2964,33.462],[36.2955,33.462],[36.2948,33.4616],[36.2933,33.4613],[36.2911,33.4605],[36.2902,33.46],[36.289,33.4601],[36.2882,33.46],[36.287,33.4593],[36.2854,33.459],[36.2845,33.4587],[36.284,33.4588],[36.2828,33.4586],[36.2825,33.4594],[36.2832,33.4612],[36.2812,33.4619],[36.281,33.4614],[36.2802,33.462],[36.2793,33.463],[36.2782,33.4648],[36.2779,33.4651],[36.2775,33.4652],[36.2801,33.474],[36.28,33.4741]]]},"properties":{"province_name":"Rif Dimashq"}},{"type":"Feature","geometry":{"type":"Polygon","coordinates":[[[36.9067,33.1519],[36.9036,33.1675],[36.8997,33.1736],[36.8869,33.1855],[36.8786,33.19],[36.855,33.2],[36.8475,33.2053],[36.8394,33.2125],[36.8347,33.2153],[36.8255,33.2236],[36.8222,33.2256],[36.8136,33.2278],[36.8036,33.2272],[36.7817,33.2228],[36.7678,33.218],[36.74,33.2117],[36.7067,33.2103],[36.685,33.2078],[36.6578,33.2025],[36.6483,33.2017],[36.635,33.1992],[36.6086,33.1972],[36.5903,33.1969],[36.5831,33.1961],[36.5736,33.1925],[36.5708,33.1953],[36.5675,33.1931],[36.5578,33.1855],[36.5486,33.1839],[36.5408,33.1842],[36.5247,33.1892],[36.5142,33.1897],[36.51,33.1889],[36.5014,33.1844],[36.4819,33.1708],[36.4769,33.1658],[36.475,33.1628],[36.4717,33.1564],[36.4703,33.1506],[36.475,33.1361],[36.4747,33.1292],[36.4722,33.1219],[36.4719,33.118],[36.4767,33.1039],[36.4858,33.0864],[36.4872,33.0786],[36.4872,33.0628],[36.4886,33.0592],[36.4922,33.0555],[36.498,33.0536],[36.5047,33.0547],[36.51,33.0569],[36.5186,33.0592],[36.5261,33.0594],[36.5314,33.0569],[36.5344,33.0506],[36.5353,33.0442],[36.5356,33.0264],[36.54,33.0164],[36.5456,33.0097],[36.5469,33.0061],[36.5469,33.0039],[36.5417,33.0014],[36.5339,33.0011],[36.5144,33.0031],[36.4725,33.0047],[36.4556,33.0031],[36.4397,33.0028],[36.4305,33.0011],[36.4247,32.9994],[36.4158,32.9953],[36.4058,32.9878],[36.3883,32.9772],[36.3747,32.9658],[36.3503,32.9544],[36.3444,32.95],[36.3414,32.9461],[36.3411,32.9394],[36.3461,32.93],[36.3472,32.9242],[36.3456,32.9186],[36.3397,32.91],[36.3367,32.9033],[36.3361,32.8992],[36.3369,32.8931],[36.3403,32.8842],[36.3453,32.8614],[36.3531,32.8472],[36.3628,32.835],[36.3639,32.8314],[36.3625,32.8255],[36.355,32.8158],[36.3528,32.8108],[36.3578,32.7742],[36.3661,32.7561],[36.3686,32.7489],[36.3692,32.7447],[36.3692,32.7425],[36.3677,32.7396],[36.358,32.7365],[36.3553,32.7308],[36.3542,32.7158],[36.3553,32.7078],[36.3572,32.7025],[36.3606,32.6983],[36.3655,32.6958],[36.37,32.695],[36.3775,32.695],[36.3992,32.6878],[36.4297,32.6858],[36.4386,32.6842],[36.4453,32.6805],[36.4475,32.6778],[36.4505,32.6711],[36.4505,32.6622],[36.4483,32.6547],[36.4464,32.6519],[36.4406,32.6475],[36.43,32.6428],[36.4208,32.6344],[36.4042,32.63],[36.3975,32.6264],[36.3961,32.623],[36.3964,32.6208],[36.4016,32.6131],[36.4055,32.6081],[36.4067,32.6044],[36.4047,32.5967],[36.3983,32.5839],[36.398,32.58],[36.4,32.5772],[36.4086,32.5753],[36.4264,32.5739],[36.4344,32.5739],[36.453,32.5769],[36.4603,32.5764],[36.4653,32.5714],[36.4672,32.5683],[36.4758,32.5642],[36.49,32.5661],[36.495,32.5661],[36.5017,32.5625],[36.5058,32.5592],[36.5086,32.5525],[36.5092,32.5483],[36.5083,32.5444],[36.4961,32.5317],[36.4936,32.5269],[36.4933,32.5225],[36.4947,32.5194],[36.5014,32.5114],[36.5236,32.4914],[36.5264,32.4869],[36.5272,32.483],[36.5261,32.468],[36.5186,32.4469],[36.5164,32.4325],[36.5217,32.398],[36.5211,32.3939],[36.5147,32.3739],[36.5133,32.357],[36.5158,32.3569],[36.5192,32.3573],[36.5221,32.3568],[36.5337,32.3558],[36.5371,32.3557],[36.5384,32.3554],[36.5417,32.3552],[36.5464,32.3552],[36.5735,32.35],[36.5773,32.3491],[36.5787,32.3489],[36.5821,32.3482],[36.5858,32.3478],[36.5871,32.3479],[36.5898,32.3483],[36.5936,32.3491],[36.6,32.3481],[36.6079,32.3476],[36.6231,32.3455],[36.6265,32.3453],[36.6322,32.3448],[36.6362,32.3439],[36.6407,32.3433],[36.6485,32.3416],[36.6531,32.3409],[36.6591,32.3392],[36.6648,32.3391],[36.6778,32.3366],[36.6808,32.3358],[36.6817,32.3357],[36.6825,32.3353],[36.687,32.3346],[36.688,32.3349],[36.6889,32.3349],[36.689,32.3346],[36.6897,32.3345],[36.6899,32.3342],[36.6901,32.3327],[36.6924,32.3258],[36.6928,32.3252],[36.7016,32.3219],[36.703,32.3203],[36.7045,32.318],[36.7081,32.3161],[36.7134,32.3147],[36.7163,32.3143],[36.7216,32.3131],[36.722,32.3132],[36.7238,32.3157],[36.7256,32.3162],[36.735,32.3184],[36.7388,32.3203],[36.7407,32.3211],[36.7475,32.321],[36.7523,32.3212],[36.7585,32.3205],[36.7603,32.3199],[36.7807,32.3202],[36.7823,32.3201],[36.7855,32.3207],[36.7965,32.3188],[36.8064,32.3169],[36.8116,32.3161],[36.8167,32.3155],[36.8185,32.3148],[36.8305,32.3136],[36.8393,32.3118],[36.8685,32.3405],[36.8914,32.353],[36.8917,32.3534],[36.8921,32.3542],[36.894,32.3554],[36.9056,32.3617],[36.9105,32.3647],[36.915,32.3668],[36.9157,32.368],[36.919,32.3719],[36.9258,32.3777],[36.9282,32.3785],[36.9289,32.3783],[36.9344,32.3785],[36.937,32.3783],[36.9847,32.4046],[37.0202,32.4251],[37.0224,32.4254],[37.0227,32.4256],[37.0314,32.4274],[37.0357,32.428],[37.0372,32.4283],[37.0421,32.4282],[37.0465,32.4284],[37.0483,32.4287],[37.0491,32.4286],[37.05,32.4283],[37.0571,32.4288],[37.0609,32.4284],[37.0635,32.4285],[37.0656,32.429],[37.0683,32.4301],[37.0704,32.4306],[37.0723,32.4315],[37.0729,32.4321],[37.0732,32.4327],[37.0743,32.4335],[37.0749,32.4337],[37.0765,32.4335],[37.0769,32.4337],[37.0772,32.4341],[37.0768,32.4353],[37.078,32.436],[37.0796,32.4375],[37.0802,32.4377],[37.0806,32.4381],[37.0841,32.4395],[37.0848,32.4406],[37.085,32.4413],[37.0872,32.4427],[37.0906,32.4461],[37.0919,32.4469],[37.0952,32.448],[37.0969,32.4498],[37.0978,32.4505],[37.099,32.4508],[37.0996,32.452],[37.1012,32.4523],[37.102,32.4527],[37.1027,32.4533],[37.1028,32.4537],[37.1033,32.4542],[37.1052,32.4554],[37.1092,32.4591],[37.1111,32.4605],[37.1113,32.4609],[37.113,32.4624],[37.1237,32.4732],[37.1258,32.4758],[37.1284,32.4786],[37.131,32.4824],[37.133,32.4843],[37.1336,32.4853],[37.1354,32.4875],[37.1369,32.4891],[37.1387,32.4902],[37.1416,32.4937],[37.1427,32.4954],[37.1438,32.4964],[37.1448,32.4978],[37.1487,32.5009],[37.1534,32.5071],[37.1577,32.5117],[37.1609,32.5157],[37.1621,32.5166],[37.1638,32.5174],[37.1668,32.5203],[37.1686,32.5215],[37.1703,32.5226],[37.1716,32.5231],[37.1796,32.527],[37.1818,32.5285],[37.184,32.5304],[37.1848,32.5315],[37.1867,32.5356],[37.1897,32.5401],[37.1931,32.5435],[37.1937,32.5443],[37.1952,32.5457],[37.1966,32.5469],[37.1974,32.5479],[37.1988,32.5493],[37.1995,32.5504],[37.2005,32.5512],[37.2058,32.5573],[37.2067,32.5581],[37.2087,32.5585],[37.2089,32.5587],[37.2094,32.5588],[37.2102,32.5593],[37.2111,32.5596],[37.2126,32.5597],[37.2155,32.5604],[37.2173,32.5605],[37.2203,32.5604],[37.2211,32.5607],[37.2237,32.5611],[37.2249,32.5618],[37.2289,32.5628],[37.232,32.564],[37.2332,32.5647],[37.2362,32.5657],[37.241,32.5664],[37.2475,32.5683],[37.2498,32.5695],[37.2531,32.5707],[37.2546,32.5718],[37.2557,32.5719],[37.2562,32.5719],[37.2573,32.5714],[37.2583,32.5717],[37.2593,32.5716],[37.2598,32.5713],[37.2614,32.5707],[37.2651,32.5678],[37.2664,32.5676],[37.2672,32.5669],[37.2687,32.5667],[37.2689,32.5662],[37.269,32.5656],[37.2696,32.5647],[37.2722,32.5646],[37.2736,32.5644],[37.2756,32.5645],[37.2779,32.5643],[37.2786,32.5647],[37.2822,32.5654],[37.2836,32.5652],[37.2847,32.5646],[37.2855,32.5646],[37.2874,32.5648],[37.2892,32.5655],[37.2899,32.5652],[37.2917,32.5652],[37.2943,32.5645],[37.2964,32.5648],[37.2989,32.5649],[37.3001,32.5653],[37.302,32.5654],[37.3026,32.5652],[37.3051,32.5636],[37.3055,32.5628],[37.3058,32.5626],[37.3088,32.5611],[37.3095,32.561],[37.3106,32.5605],[37.3126,32.5586],[37.3141,32.558],[37.3149,32.5581],[37.3158,32.558],[37.3182,32.558],[37.3234,32.5585],[37.3242,32.5595],[37.3247,32.5608],[37.3255,32.5621],[37.3278,32.5632],[37.3302,32.5649],[37.3314,32.5649],[37.3317,32.5647],[37.3326,32.5646],[37.3328,32.5645],[37.3328,32.5641],[37.3335,32.5636],[37.3338,32.5628],[37.3342,32.5624],[37.3373,32.563],[37.339,32.5635],[37.3399,32.5641],[37.341,32.5643],[37.3428,32.564],[37.3618,32.5633],[37.3649,32.5681],[37.3661,32.5705],[37.3679,32.5772],[37.3703,32.5795],[37.3711,32.5808],[37.3716,32.582],[37.373,32.5841],[37.3735,32.5845],[37.3743,32.5862],[37.3765,32.5888],[37.3768,32.5897],[37.3778,32.5901],[37.3795,32.5921],[37.3854,32.5946],[37.39,32.5962],[37.391,32.5967],[37.3917,32.5971],[37.3927,32.5972],[37.396,32.5978],[37.4014,32.5992],[37.403,32.6],[37.4137,32.6024],[37.4183,32.6037],[37.4235,32.6064],[37.4245,32.607],[37.4252,32.6081],[37.4256,32.6089],[37.4264,32.6097],[37.4274,32.6122],[37.4282,32.6129],[37.4292,32.614],[37.4295,32.6149],[37.4304,32.6159],[37.4312,32.6178],[37.432,32.6187],[37.4327,32.6199],[37.4339,32.6211],[37.4348,32.6227],[37.4357,32.6238],[37.4372,32.6271],[37.4382,32.6286],[37.4394,32.6298],[37.4396,32.6305],[37.4404,32.6315],[37.4412,32.6331],[37.4421,32.6341],[37.4429,32.6345],[37.4433,32.6352],[37.4434,32.6355],[37.444,32.6362],[37.4439,32.6373],[37.4445,32.6399],[37.4443,32.6416],[37.4444,32.6433],[37.4452,32.6434],[37.4475,32.6446],[37.4479,32.6453],[37.4545,32.6515],[37.4566,32.654],[37.4578,32.6546],[37.4594,32.6546],[37.4608,32.6556],[37.4614,32.6564],[37.4623,32.6571],[37.4652,32.6581],[37.4668,32.6601],[37.4672,32.6607],[37.468,32.6612],[37.4726,32.6651],[37.4733,32.6658],[37.4735,32.6666],[37.4744,32.6681],[37.4746,32.6688],[37.4751,32.6713],[37.4766,32.6744],[37.4767,32.675],[37.4783,32.6777],[37.4808,32.6813],[37.4854,32.6896],[37.4887,32.6907],[37.4901,32.6917],[37.494,32.6926],[37.4922,32.6944],[37.4853,32.7025],[37.4689,32.7161],[37.4656,32.72],[37.4542,32.7242],[37.4294,32.7381],[37.4203,32.7464],[37.4131,32.7564],[37.4058,32.7639],[37.4,32.7683],[37.3917,32.7728],[37.3833,32.7794],[37.3769,32.7833],[37.3496,32.8051],[37.3386,32.8147],[37.3253,32.8242],[37.3175,32.8336],[37.3119,32.8383],[37.2892,32.8556],[37.2817,32.8653],[37.2794,32.8703],[37.2781,32.8803],[37.2778,32.8936],[37.275,32.9164],[37.2717,32.9281],[37.2703,32.9314],[37.2642,32.94],[37.2505,32.9517],[37.2422,32.9561],[37.2344,32.9589],[37.2283,32.9605],[37.2256,32.9605],[37.2189,32.9592],[37.2089,32.9519],[37.2053,32.9481],[37.2,32.9455],[37.1928,32.9447],[37.1853,32.9475],[37.1744,32.9522],[37.1689,32.9567],[37.1622,32.9605],[37.1436,32.9656],[37.1397,32.9669],[37.1353,32.97],[37.133,32.9728],[37.1305,32.9819],[37.123,32.9869],[37.1186,32.9969],[37.1114,33.0022],[37.1061,33.0094],[37.1053,33.0178],[37.1067,33.0233],[37.1061,33.0272],[37.1044,33.0305],[37.1019,33.0331],[37.0972,33.0358],[37.0872,33.0389],[37.0778,33.0472],[37.0653,33.0528],[37.0467,33.0581],[37.0303,33.0603],[36.9989,33.0617],[36.9867,33.063],[36.9783,33.0653],[36.97,33.0697],[36.9578,33.0803],[36.9561,33.0833],[36.9542,33.0911],[36.9536,33.1042],[36.9497,33.1122],[36.9408,33.1208],[36.9225,33.1353],[36.9081,33.1486],[36.9067,33.1519]]]},"properties":{"province_name":"As Suwayda"}},{"type":"Feature","geometry":{"type":"MultiPolygon","coordinates":[[[[35.8444,32.8702],[35.8457,32.8531],[35.8377,32.8282],[35.8327,32.8232],[35.8167,32.8061],[35.8003,32.7823],[35.7948,32.7819],[35.7826,32.7743],[35.7565,32.7453],[35.76,32.7472],[35.7618,32.7476],[35.7642,32.7478],[35.7661,32.7467],[35.7672,32.7485],[35.7744,32.7622],[35.7858,32.7745],[35.806,32.7827],[35.8303,32.8063],[35.8485,32.8245],[35.8467,32.8365],[35.8523,32.8434],[35.869,32.8514],[35.8786,32.8591],[35.885,32.8697],[35.892,32.8752],[35.895,32.8769],[35.8998,32.8791],[35.9083,32.8811],[35.9128,32.8845],[35.9112,32.8912],[35.9214,32.8942],[35.9394,32.9089],[35.9425,32.9131],[35.9433,32.9169],[35.9414,32.9269],[35.9414,32.9383],[35.9403,32.9442],[35.9322,32.9533],[35.9319,32.9578],[35.9339,32.9608],[35.9372,32.9625],[35.9444,32.9636],[35.9597,32.9644],[35.9672,32.9639],[35.9694,32.9633],[35.9719,32.9608],[35.9731,32.9553],[35.9764,32.9511],[35.9831,32.9478],[35.9867,32.9486],[35.9883,32.9542],[35.9881,32.9628],[35.9869,32.9689],[35.9847,32.9739],[35.9689,32.9903],[35.9631,33.0014],[35.9519,33.015],[35.9469,33.0244],[35.9458,33.0281],[35.9478,33.0333],[35.9461,33.0411],[35.9464,33.0453],[35.9505,33.0555],[35.9525,33.063],[35.9547,33.0774],[35.9557,33.081],[35.9608,33.0961],[35.9672,33.1092],[35.9781,33.1228],[35.9808,33.1272],[35.9811,33.1294],[35.9803,33.1356],[35.9775,33.14],[35.9733,33.1433],[35.9664,33.1467],[35.9536,33.1544],[35.9517,33.1594],[35.9536,33.1669],[35.9561,33.1717],[35.9578,33.1772],[35.9578,33.1928],[35.9617,33.2047],[35.9633,33.2117],[35.9631,33.2311],[35.9642,33.2439],[35.9636,33.2478],[35.9603,33.2519],[35.9536,33.2533],[35.935,33.2533],[35.9189,33.2561],[35.885,33.2847],[35.8956,33.2986],[35.8942,33.3019],[35.8917,33.3044],[35.885,33.3081],[35.8718,33.3129],[35.8714,33.3187],[35.8561,33.3315],[35.8494,33.3378],[35.8295,33.3556],[35.8125,33.3629],[35.8106,33.3608],[35.8078,33.3594],[35.805,33.3586],[35.8022,33.3575],[35.7942,33.3506],[35.7914,33.3494],[35.7733,33.3356],[35.788,33.3295],[35.8132,33.317],[35.8064,33.3096],[35.7892,33.2913],[35.7774,33.2767],[35.784,33.2659],[35.8027,33.2558],[35.8101,33.2513],[35.8151,33.245],[35.8153,33.2345],[35.816,33.2171],[35.8172,33.2031],[35.8377,33.1931],[35.8413,33.1785],[35.8444,33.1676],[35.8369,33.1563],[35.8244,33.1384],[35.818,33.1274],[35.817,33.113],[35.8364,33.1052],[35.8505,33.1024],[35.8533,33.0833],[35.8558,33.0715],[35.8583,33.0608],[35.8638,33.0304],[35.8644,33.0219],[35.8661,33.0169],[35.8704,32.9915],[35.8713,32.9814],[35.8794,32.9687],[35.8858,32.96],[35.895,32.9449],[35.8798,32.9265],[35.8729,32.9234],[35.8651,32.9115],[35.8615,32.9078],[35.8511,32.8898],[35.8444,32.8702]]],[[[35.6133,32.8953],[35.6146,32.895],[35.6173,32.8939],[35.6184,32.8934],[35.6188,32.8929],[35.6218,32.8915],[35.6223,32.8908],[35.6238,32.8897],[35.6251,32.8884],[35.6254,32.8879],[35.6276,32.8855],[35.6296,32.8839],[35.6299,32.8818],[35.6347,32.8775],[35.6359,32.8762],[35.6411,32.8688],[35.6427,32.867],[35.6441,32.8641],[35.6438,32.8632],[35.6431,32.8623],[35.6431,32.8612],[35.6447,32.8592],[35.6464,32.8565],[35.648,32.8528],[35.6491,32.8489],[35.6496,32.8461],[35.6498,32.8435],[35.6497,32.8412],[35.6494,32.8397],[35.6491,32.8393],[35.6481,32.8386],[35.6469,32.837],[35.6454,32.8366],[35.6442,32.8345],[35.6433,32.8342],[35.6422,32.8345],[35.6414,32.8341],[35.6415,32.8336],[35.6422,32.833],[35.6424,32.8326],[35.6425,32.832],[35.6427,32.8298],[35.6434,32.8285],[35.6434,32.8281],[35.6442,32.8271],[35.6447,32.8258],[35.6455,32.8217],[35.6453,32.8191],[35.6455,32.8186],[35.6452,32.8153],[35.6448,32.8142],[35.6447,32.8126],[35.644,32.8107],[35.6557,32.8084],[35.6549,32.7929],[35.6624,32.7772],[35.6618,32.773],[35.6555,32.754],[35.6572,32.7444],[35.6559,32.7432],[35.6551,32.7414],[35.6548,32.7393],[35.6529,32.7363],[35.6519,32.7338],[35.6521,32.7334],[35.6522,32.7309],[35.6516,32.7284],[35.65,32.7265],[35.6499,32.7241],[35.6508,32.7222],[35.651,32.7209],[35.6498,32.7179],[35.6496,32.7157],[35.6498,32.7146],[35.6492,32.7135],[35.6447,32.7081],[35.6376,32.7052],[35.6385,32.7012],[35.6351,32.6919],[35.6356,32.6878],[35.6377,32.6876],[35.6394,32.6869],[35.6416,32.6852],[35.6427,32.6848],[35.6432,32.6839],[35.644,32.6832],[35.6466,32.6823],[35.6489,32.6822],[35.6503,32.6826],[35.6523,32.6847],[35.6524,32.6854],[35.6525,32.6856],[35.6539,32.6857],[35.6546,32.686],[35.6555,32.686],[35.6559,32.6864],[35.6592,32.6865],[35.66,32.6876],[35.6604,32.6874],[35.661,32.6874],[35.6612,32.6871],[35.6615,32.687],[35.6639,32.6875],[35.6646,32.6875],[35.665,32.6878],[35.6652,32.6882],[35.6657,32.6884],[35.6661,32.6887],[35.6666,32.6887],[35.6676,32.6893],[35.669,32.6897],[35.6711,32.691],[35.6715,32.6909],[35.672,32.6912],[35.6714,32.692],[35.6711,32.693],[35.6713,32.6942],[35.6718,32.6946],[35.6743,32.6959],[35.6749,32.6965],[35.6757,32.698],[35.6768,32.7014],[35.6769,32.702],[35.6764,32.704],[35.6755,32.7041],[35.675,32.7047],[35.6751,32.7053],[35.6756,32.7056],[35.677,32.7058],[35.6797,32.7057],[35.6815,32.7068],[35.6829,32.7071],[35.6852,32.7081],[35.6871,32.7091],[35.6878,32.7089],[35.6892,32.7081],[35.6907,32.708],[35.6924,32.7094],[35.6941,32.7101],[35.6966,32.7107],[35.6982,32.7124],[35.6987,32.7125],[35.7002,32.7122],[35.7006,32.7123],[35.7011,32.7133],[35.7011,32.7147],[35.7025,32.7158],[35.7034,32.7158],[35.7059,32.7141],[35.7062,32.7139],[35.7068,32.7141],[35.7077,32.7146],[35.7097,32.7165],[35.7102,32.7185],[35.7107,32.7188],[35.7118,32.7186],[35.7133,32.7179],[35.7137,32.7176],[35.7138,32.7171],[35.7154,32.7158],[35.7155,32.7154],[35.7159,32.7153],[35.718,32.7168],[35.7182,32.7173],[35.7184,32.7197],[35.7177,32.721],[35.7182,32.7232],[35.719,32.7233],[35.7201,32.7231],[35.7209,32.7221],[35.7218,32.7216],[35.7226,32.7214],[35.7234,32.7216],[35.7243,32.7227],[35.7241,32.7235],[35.7238,32.7238],[35.7243,32.7256],[35.7251,32.7265],[35.7258,32.7269],[35.7279,32.7269],[35.7293,32.7265],[35.7294,32.7262],[35.7291,32.7254],[35.7289,32.7242],[35.729,32.7236],[35.7292,32.7232],[35.7307,32.7227],[35.7313,32.7227],[35.7328,32.7231],[35.7331,32.7236],[35.733,32.724],[35.7339,32.7256],[35.7346,32.728],[35.736,32.7289],[35.7369,32.7292],[35.7371,32.7296],[35.7373,32.7307],[35.7365,32.7323],[35.7363,32.7331],[35.7367,32.7341],[35.7372,32.7346],[35.7379,32.7344],[35.7396,32.7323],[35.7408,32.7315],[35.7429,32.7316],[35.7448,32.7327],[35.7454,32.7336],[35.7481,32.7358],[35.7502,32.7407],[35.7517,32.7412],[35.7535,32.742],[35.7541,32.7428],[35.755,32.7445],[35.7555,32.745],[35.7565,32.7453],[35.7826,32.7743],[35.7948,32.7819],[35.8003,32.7823],[35.8167,32.8061],[35.8327,32.8232],[35.8377,32.8282],[35.8457,32.8531],[35.8444,32.8702],[35.8511,32.8898],[35.8615,32.9078],[35.8651,32.9115],[35.8729,32.9234],[35.8798,32.9265],[35.895,32.9449],[35.8858,32.96],[35.8794,32.9687],[35.8713,32.9814],[35.8704,32.9915],[35.8661,33.0169],[35.8644,33.0219],[35.8638,33.0304],[35.8583,33.0608],[35.8558,33.0715],[35.8533,33.0833],[35.8505,33.1024],[35.8364,33.1052],[35.817,33.113],[35.818,33.1274],[35.8244,33.1384],[35.8369,33.1563],[35.8444,33.1676],[35.8413,33.1785],[35.8377,33.1931],[35.8172,33.2031],[35.816,33.2171],[35.8153,33.2345],[35.8151,33.245],[35.8101,33.2513],[35.8027,33.2558],[35.784,33.2659],[35.7774,33.2767],[35.7892,33.2913],[35.8064,33.3096],[35.8132,33.317],[35.788,33.3295],[35.7733,33.3356],[35.7659,33.3345],[35.7641,33.3328],[35.7634,33.3325],[35.7609,33.3318],[35.7581,33.3308],[35.7548,33.3304],[35.7518,33.3292],[35.7508,33.3291],[35.7498,33.3294],[35.7475,33.3306],[35.7462,33.3306],[35.7456,33.3302],[35.7431,33.3266],[35.7424,33.326],[35.7413,33.3256],[35.7394,33.3257],[35.7323,33.3289],[35.7302,33.3295],[35.728,33.3298],[35.725,33.3298],[35.722,33.3293],[35.7202,33.3284],[35.718,33.3277],[35.7153,33.3257],[35.7139,33.324],[35.7119,33.3206],[35.7109,33.3182],[35.7105,33.316],[35.7104,33.3137],[35.7098,33.3108],[35.7081,33.3071],[35.707,33.3053],[35.7048,33.304],[35.7002,33.3008],[35.6932,33.2964],[35.6897,33.2956],[35.6851,33.2938],[35.6839,33.2929],[35.6819,33.2911],[35.6794,33.2893],[35.6782,33.2881],[35.6768,33.2872],[35.6744,33.2861],[35.6688,33.2822],[35.6637,33.2795],[35.6622,33.2784],[35.6609,33.2758],[35.66,33.2747],[35.6588,33.274],[35.6582,33.2745],[35.6429,33.2805],[35.6416,33.2802],[35.6412,33.2798],[35.6381,33.2784],[35.6373,33.2776],[35.6342,33.2771],[35.626,33.2739],[35.6255,33.2741],[35.6258,33.2757],[35.6255,33.2764],[35.6245,33.2774],[35.6243,33.2781],[35.6219,33.2784],[35.6214,33.2786],[35.6211,33.2782],[35.6211,33.2766],[35.6203,33.2754],[35.6204,33.2749],[35.621,33.2747],[35.6222,33.2737],[35.6226,33.2729],[35.6219,33.2726],[35.6216,33.2721],[35.6203,33.2712],[35.62,33.2707],[35.62,33.2704],[35.6208,33.2682],[35.6226,33.2647],[35.6225,33.2634],[35.6217,33.2621],[35.6232,33.2605],[35.623,33.2602],[35.6215,33.2596],[35.6213,33.2594],[35.6211,33.2587],[35.6216,33.2575],[35.6216,33.2569],[35.6213,33.2561],[35.6208,33.2559],[35.6194,33.256],[35.6191,33.2557],[35.6203,33.2531],[35.6225,33.2533],[35.6236,33.253],[35.6238,33.2525],[35.6228,33.25],[35.6228,33.2493],[35.6243,33.2474],[35.6255,33.2467],[35.6257,33.2458],[35.6253,33.2454],[35.6232,33.2448],[35.6231,33.2443],[35.6234,33.2433],[35.6244,33.2425],[35.6244,33.2423],[35.625,33.2419],[35.6255,33.2421],[35.6263,33.2418],[35.6267,33.242],[35.6284,33.2422],[35.6299,33.243],[35.6314,33.243],[35.6326,33.2434],[35.6337,33.2441],[35.6358,33.2448],[35.6394,33.2445],[35.6418,33.245],[35.6453,33.2466],[35.6468,33.2479],[35.6475,33.2488],[35.6497,33.2495],[35.6507,33.2503],[35.6511,33.2502],[35.6519,33.2503],[35.6539,33.2503],[35.6551,33.2498],[35.6577,33.2493],[35.6592,33.2482],[35.6613,33.2475],[35.6637,33.2475],[35.6658,33.2471],[35.6685,33.2471],[35.6698,33.2473],[35.6715,33.2467],[35.6736,33.2463],[35.6749,33.2464],[35.6753,33.2466],[35.6763,33.2475],[35.6772,33.2474],[35.6811,33.2477],[35.6815,33.247],[35.6832,33.2458],[35.6836,33.2449],[35.6843,33.2446],[35.6844,33.2427],[35.6835,33.2425],[35.6829,33.2422],[35.6825,33.2419],[35.6821,33.2413],[35.6822,33.2411],[35.6835,33.2397],[35.6839,33.2391],[35.6838,33.2383],[35.6831,33.2371],[35.6816,33.2364],[35.6816,33.2359],[35.6808,33.2352],[35.6798,33.2351],[35.6795,33.2349],[35.6794,33.2344],[35.6782,33.234],[35.6772,33.2329],[35.6757,33.2329],[35.675,33.2322],[35.6745,33.2323],[35.6742,33.2322],[35.6733,33.2324],[35.6728,33.2323],[35.6707,33.2306],[35.6669,33.2255],[35.6675,33.2211],[35.6629,33.1901],[35.6706,33.1535],[35.6528,33.123],[35.6502,33.0871],[35.6455,33.0777],[35.6466,33.0634],[35.6405,33.0406],[35.6317,33.0241],[35.63,33.0145],[35.6293,33.014],[35.629,33.0136],[35.629,33.0134],[35.6293,33.013],[35.6309,33.0123],[35.633,33.0089],[35.6304,32.9947],[35.6331,32.9909],[35.631,32.96],[35.6289,32.9566],[35.6281,32.9374],[35.6242,32.9163],[35.6242,32.9142],[35.6258,32.9138],[35.6259,32.9133],[35.6272,32.9125],[35.6273,32.9119],[35.627,32.9117],[35.627,32.9109],[35.6259,32.9102],[35.6254,32.9102],[35.6253,32.9101],[35.6258,32.9098],[35.6256,32.9088],[35.6234,32.9085],[35.6235,32.9082],[35.6247,32.9082],[35.6253,32.9075],[35.6247,32.9064],[35.6243,32.9062],[35.6243,32.906],[35.6234,32.9059],[35.6229,32.9053],[35.6228,32.9049],[35.6222,32.9047],[35.6211,32.9049],[35.62,32.9055],[35.6198,32.905],[35.619,32.9048],[35.6183,32.9051],[35.6168,32.9051],[35.6167,32.9046],[35.6172,32.9041],[35.6164,32.9027],[35.6148,32.9018],[35.6136,32.9005],[35.6146,32.8993],[35.6141,32.898],[35.6138,32.898],[35.614,32.8974],[35.6138,32.8964],[35.6133,32.8953]]]]},"properties":{"province_name":"Quneitra"}},{"type":"Feature","geometry":{"type":"Polygon","coordinates":[[[35.892,32.8752],[35.885,32.8697],[35.8786,32.8591],[35.869,32.8514],[35.8523,32.8434],[35.8467,32.8365],[35.8485,32.8245],[35.8303,32.8063],[35.806,32.7827],[35.7858,32.7745],[35.7744,32.7622],[35.7672,32.7485],[35.7661,32.7467],[35.7667,32.7465],[35.7706,32.7458],[35.773,32.746],[35.7744,32.7475],[35.7781,32.7485],[35.7784,32.7484],[35.7786,32.748],[35.7791,32.7478],[35.7799,32.7476],[35.7808,32.7478],[35.782,32.7477],[35.7825,32.7475],[35.7828,32.7471],[35.7852,32.7473],[35.7865,32.7488],[35.7879,32.7495],[35.7879,32.7508],[35.7882,32.7515],[35.7887,32.752],[35.7897,32.7525],[35.792,32.7543],[35.7939,32.7551],[35.7951,32.7561],[35.7958,32.7563],[35.7965,32.756],[35.798,32.7546],[35.7989,32.7541],[35.7998,32.752],[35.8016,32.7505],[35.8018,32.7493],[35.8017,32.7489],[35.8012,32.7486],[35.799,32.748],[35.7984,32.7475],[35.7954,32.7465],[35.794,32.7455],[35.7941,32.7445],[35.7944,32.744],[35.7949,32.7437],[35.7962,32.7433],[35.7985,32.7429],[35.799,32.7426],[35.7996,32.7411],[35.8003,32.74],[35.8006,32.7385],[35.8002,32.7371],[35.8004,32.7365],[35.8007,32.7362],[35.8023,32.7362],[35.8033,32.7357],[35.8038,32.7359],[35.8047,32.7367],[35.8056,32.7378],[35.8061,32.7387],[35.8062,32.7398],[35.8067,32.7408],[35.808,32.7416],[35.809,32.7418],[35.8107,32.7408],[35.81,32.7397],[35.8091,32.7392],[35.809,32.739],[35.8094,32.7379],[35.8092,32.7375],[35.8092,32.7371],[35.8095,32.7364],[35.8101,32.7359],[35.8105,32.7357],[35.8124,32.7358],[35.8153,32.7352],[35.8166,32.7351],[35.8169,32.7351],[35.8173,32.7354],[35.8208,32.7353],[35.8258,32.7341],[35.8265,32.7336],[35.8281,32.7317],[35.8296,32.7305],[35.83,32.7299],[35.8339,32.7283],[35.8349,32.7269],[35.8352,32.7268],[35.8381,32.727],[35.8394,32.7275],[35.841,32.7283],[35.8413,32.7285],[35.8418,32.7295],[35.8419,32.7298],[35.8418,32.7302],[35.8421,32.7308],[35.8435,32.7317],[35.8447,32.7319],[35.8453,32.7317],[35.8483,32.7303],[35.8503,32.7282],[35.852,32.7275],[35.8521,32.7265],[35.8541,32.7249],[35.8546,32.7248],[35.8555,32.7249],[35.8564,32.7254],[35.8566,32.7261],[35.8565,32.7265],[35.856,32.7269],[35.855,32.7271],[35.8543,32.7275],[35.8534,32.7282],[35.8529,32.7288],[35.8526,32.7296],[35.8525,32.7306],[35.8528,32.7314],[35.8532,32.7318],[35.8534,32.7322],[35.8541,32.7324],[35.8557,32.7317],[35.8574,32.7316],[35.8579,32.7313],[35.8609,32.7321],[35.8636,32.7335],[35.8661,32.7339],[35.8667,32.7342],[35.8745,32.7337],[35.8765,32.7324],[35.8775,32.7316],[35.8781,32.7309],[35.88,32.7273],[35.8815,32.7256],[35.8837,32.7233],[35.8864,32.7191],[35.8872,32.7185],[35.8882,32.7181],[35.8899,32.718],[35.8967,32.7181],[35.8998,32.7184],[35.9003,32.7186],[35.901,32.7193],[35.9016,32.7204],[35.9016,32.7208],[35.9013,32.721],[35.9017,32.7219],[35.9026,32.7227],[35.9033,32.7231],[35.9035,32.7237],[35.904,32.724],[35.905,32.7242],[35.9056,32.7239],[35.9059,32.7233],[35.9058,32.7228],[35.9054,32.722],[35.9054,32.7214],[35.9044,32.7205],[35.9046,32.7196],[35.9048,32.7194],[35.9058,32.7197],[35.9076,32.721],[35.9096,32.7218],[35.9108,32.723],[35.9119,32.7235],[35.9123,32.7234],[35.913,32.723],[35.9134,32.7225],[35.9142,32.7208],[35.9149,32.72],[35.916,32.7192],[35.9181,32.7186],[35.9192,32.7187],[35.9197,32.7192],[35.9196,32.7195],[35.9189,32.7203],[35.9187,32.7209],[35.9188,32.7218],[35.9197,32.7223],[35.9201,32.7222],[35.9221,32.7207],[35.9227,32.7205],[35.9235,32.7209],[35.9241,32.7221],[35.925,32.7225],[35.9274,32.7222],[35.9284,32.7217],[35.9308,32.7214],[35.9312,32.7211],[35.9313,32.7206],[35.9318,32.72],[35.9322,32.72],[35.9338,32.721],[35.9346,32.7209],[35.9353,32.7203],[35.9357,32.7192],[35.9366,32.7185],[35.9368,32.7179],[35.9365,32.7172],[35.9365,32.7167],[35.9371,32.7161],[35.9375,32.7153],[35.937,32.7135],[35.9373,32.7123],[35.9386,32.7096],[35.9398,32.7087],[35.94,32.7084],[35.94,32.7077],[35.9385,32.7069],[35.9385,32.7064],[35.9391,32.7054],[35.9392,32.7047],[35.9386,32.7027],[35.9381,32.7022],[35.9381,32.7015],[35.9375,32.7004],[35.9374,32.6999],[35.9377,32.6996],[35.9383,32.6994],[35.9387,32.6997],[35.9391,32.6998],[35.9401,32.6997],[35.9407,32.6989],[35.9406,32.6981],[35.9403,32.6971],[35.9404,32.6968],[35.9424,32.6966],[35.9427,32.6968],[35.9435,32.697],[35.9452,32.6966],[35.9464,32.6955],[35.9477,32.6949],[35.9485,32.6939],[35.9495,32.6926],[35.9487,32.6923],[35.9481,32.6918],[35.9483,32.6907],[35.9479,32.6888],[35.9471,32.688],[35.9463,32.6878],[35.946,32.6865],[35.9463,32.6854],[35.9479,32.682],[35.9488,32.6809],[35.9507,32.68],[35.9519,32.6786],[35.9531,32.678],[35.9553,32.6764],[35.9556,32.6757],[35.961,32.6677],[35.9635,32.6652],[35.9648,32.6643],[35.9653,32.664],[35.9658,32.6648],[35.9665,32.6648],[35.967,32.6647],[35.9673,32.6644],[35.9674,32.6627],[35.9685,32.6623],[35.9719,32.6617],[35.9817,32.6605],[35.9868,32.6604],[35.9908,32.6607],[35.9947,32.6608],[35.9952,32.661],[36.0001,32.6611],[36.0021,32.6614],[36.0033,32.6614],[36.0072,32.6608],[36.0177,32.6581],[36.0197,32.6579],[36.0214,32.658],[36.0217,32.6581],[36.0221,32.6587],[36.0226,32.6589],[36.024,32.6583],[36.0244,32.6579],[36.0241,32.6564],[36.0245,32.6552],[36.0251,32.6545],[36.0274,32.6535],[36.0275,32.6517],[36.028,32.6464],[36.0281,32.6409],[36.0282,32.6406],[36.0289,32.6405],[36.0292,32.6402],[36.0293,32.6397],[36.0289,32.6389],[36.0296,32.6376],[36.0293,32.6372],[36.0286,32.6372],[36.0284,32.637],[36.0267,32.6268],[36.0256,32.6227],[36.0248,32.6168],[36.0244,32.6133],[36.0252,32.6117],[36.026,32.611],[36.0263,32.6099],[36.0259,32.609],[36.025,32.6078],[36.025,32.6062],[36.0255,32.6039],[36.0261,32.6026],[36.0277,32.6014],[36.0285,32.6005],[36.0296,32.5979],[36.0301,32.5972],[36.0324,32.5965],[36.0383,32.593],[36.0404,32.5923],[36.0429,32.5909],[36.046,32.5887],[36.047,32.5876],[36.0477,32.5872],[36.0489,32.586],[36.0509,32.5852],[36.0513,32.5849],[36.0513,32.5847],[36.0539,32.5835],[36.0547,32.5827],[36.058,32.5804],[36.0595,32.5792],[36.0601,32.579],[36.0628,32.5786],[36.0624,32.5784],[36.0633,32.5779],[36.0632,32.5762],[36.0641,32.5746],[36.0646,32.5742],[36.0662,32.5718],[36.0695,32.5684],[36.0701,32.5671],[36.0701,32.5667],[36.0708,32.5641],[36.0723,32.5607],[36.0726,32.5592],[36.0731,32.5585],[36.0728,32.5572],[36.0728,32.5535],[36.0745,32.5499],[36.0748,32.5486],[36.076,32.5465],[36.0764,32.5461],[36.0795,32.5445],[36.0802,32.5439],[36.0799,32.5403],[36.0795,32.5377],[36.0774,32.5349],[36.0766,32.533],[36.0775,32.5301],[36.0777,32.5289],[36.0784,32.5278],[36.0783,32.5257],[36.0779,32.5244],[36.0781,32.5235],[36.079,32.5206],[36.0793,32.5201],[36.0801,32.5196],[36.0802,32.5193],[36.0797,32.5175],[36.079,32.5163],[36.0791,32.5147],[36.0793,32.5139],[36.0797,32.5138],[36.0808,32.5142],[36.0824,32.515],[36.0842,32.5152],[36.0863,32.5157],[36.0873,32.5162],[36.0897,32.5165],[36.0934,32.5175],[36.0954,32.5191],[36.0968,32.5196],[36.104,32.5203],[36.1075,32.5211],[36.108,32.5214],[36.1095,32.5219],[36.1113,32.522],[36.1122,32.5224],[36.1141,32.523],[36.116,32.5232],[36.1179,32.5239],[36.118,32.5241],[36.1192,32.5247],[36.1203,32.5249],[36.1223,32.5256],[36.1254,32.5254],[36.1315,32.5245],[36.1388,32.5245],[36.142,32.5247],[36.1435,32.5244],[36.1475,32.5247],[36.1499,32.5244],[36.151,32.524],[36.154,32.5235],[36.1551,32.5236],[36.1559,32.5243],[36.1564,32.5243],[36.157,32.5241],[36.1576,32.5237],[36.1577,32.5231],[36.159,32.5203],[36.1628,32.5162],[36.1639,32.5151],[36.168,32.5173],[36.1717,32.5188],[36.1732,32.5191],[36.1765,32.5194],[36.1807,32.5201],[36.1857,32.5222],[36.187,32.5225],[36.1894,32.5236],[36.1899,32.5238],[36.1919,32.5239],[36.197,32.5276],[36.2,32.5271],[36.2001,32.5291],[36.2004,32.5288],[36.2017,32.5287],[36.2016,32.5269],[36.2048,32.5263],[36.204,32.5168],[36.2057,32.5167],[36.2051,32.5118],[36.2039,32.5109],[36.2038,32.5106],[36.2035,32.5106],[36.2035,32.508],[36.2045,32.5053],[36.2054,32.5038],[36.2068,32.502],[36.2074,32.5006],[36.2078,32.4994],[36.208,32.4981],[36.2086,32.4966],[36.2089,32.4953],[36.2094,32.4943],[36.2098,32.4939],[36.2116,32.4931],[36.2116,32.4942],[36.2122,32.4944],[36.2152,32.4941],[36.2169,32.4937],[36.2203,32.4939],[36.2222,32.4935],[36.2243,32.4936],[36.2261,32.4939],[36.2298,32.4952],[36.233,32.497],[36.2362,32.4971],[36.237,32.4996],[36.2389,32.4992],[36.2398,32.4988],[36.2421,32.4973],[36.2422,32.4964],[36.2418,32.496],[36.242,32.4956],[36.245,32.4936],[36.2467,32.493],[36.2475,32.4923],[36.2487,32.4918],[36.2492,32.4913],[36.2546,32.4884],[36.2557,32.4877],[36.2573,32.4869],[36.2594,32.4853],[36.2625,32.4838],[36.2658,32.4816],[36.2688,32.4803],[36.2706,32.4791],[36.2727,32.478],[36.2743,32.477],[36.2766,32.475],[36.2793,32.4741],[36.2808,32.4733],[36.2815,32.4727],[36.2836,32.4716],[36.2844,32.4706],[36.2851,32.4702],[36.2869,32.4698],[36.2875,32.4692],[36.2884,32.4675],[36.2914,32.4659],[36.2938,32.4655],[36.2954,32.4639],[36.2959,32.4626],[36.299,32.4597],[36.3017,32.4589],[36.3026,32.459],[36.3038,32.4588],[36.3058,32.4589],[36.3078,32.4564],[36.3105,32.4547],[36.3114,32.4538],[36.312,32.453],[36.3129,32.4526],[36.3132,32.4518],[36.3131,32.4512],[36.3158,32.4497],[36.3167,32.449],[36.322,32.444],[36.3249,32.441],[36.3254,32.4402],[36.3271,32.4387],[36.3311,32.4356],[36.3338,32.4321],[36.336,32.4309],[36.3396,32.4298],[36.3407,32.4288],[36.3418,32.426],[36.3442,32.4244],[36.3456,32.4237],[36.3477,32.4211],[36.349,32.4199],[36.3506,32.4189],[36.3543,32.416],[36.3564,32.4136],[36.3578,32.4117],[36.3604,32.41],[36.361,32.4096],[36.3618,32.4085],[36.3638,32.4071],[36.3657,32.4052],[36.3703,32.4012],[36.3708,32.4003],[36.3727,32.3986],[36.3733,32.3982],[36.3749,32.3974],[36.3764,32.397],[36.3786,32.3958],[36.3801,32.3947],[36.3809,32.394],[36.3834,32.3905],[36.3848,32.3894],[36.3858,32.3891],[36.3897,32.3867],[36.3914,32.3859],[36.3938,32.3851],[36.3977,32.3843],[36.3981,32.3839],[36.3986,32.383],[36.3987,32.3822],[36.3994,32.3813],[36.3999,32.3803],[36.4011,32.379],[36.4019,32.3784],[36.405,32.3775],[36.4096,32.3765],[36.4159,32.3765],[36.4216,32.3756],[36.4237,32.3751],[36.4259,32.3752],[36.4263,32.3741],[36.4283,32.3734],[36.4289,32.3734],[36.4296,32.374],[36.4305,32.3735],[36.4313,32.3733],[36.432,32.3732],[36.433,32.3736],[36.4339,32.3734],[36.4346,32.373],[36.4366,32.3727],[36.4369,32.3725],[36.4375,32.3715],[36.4381,32.3712],[36.442,32.3713],[36.4442,32.3718],[36.4466,32.3724],[36.4496,32.3725],[36.4507,32.3728],[36.4532,32.3727],[36.4601,32.3718],[36.464,32.3715],[36.4662,32.371],[36.4676,32.3714],[36.4713,32.371],[36.4736,32.3711],[36.4757,32.3707],[36.4762,32.3707],[36.4812,32.3689],[36.4824,32.3678],[36.4844,32.3667],[36.4852,32.367],[36.4856,32.367],[36.4888,32.3664],[36.4911,32.3657],[36.4921,32.365],[36.4927,32.3639],[36.4932,32.3636],[36.4943,32.3625],[36.4972,32.3614],[36.4995,32.3599],[36.5008,32.3593],[36.5033,32.3589],[36.5055,32.3587],[36.5109,32.3571],[36.5133,32.357],[36.5147,32.3739],[36.5211,32.3939],[36.5217,32.398],[36.5164,32.4325],[36.5186,32.4469],[36.5261,32.468],[36.5272,32.483],[36.5264,32.4869],[36.5236,32.4914],[36.5014,32.5114],[36.4947,32.5194],[36.4933,32.5225],[36.4936,32.5269],[36.4961,32.5317],[36.5083,32.5444],[36.5092,32.5483],[36.5086,32.5525],[36.5058,32.5592],[36.5017,32.5625],[36.495,32.5661],[36.49,32.5661],[36.4758,32.5642],[36.4672,32.5683],[36.4653,32.5714],[36.4603,32.5764],[36.453,32.5769],[36.4344,32.5739],[36.4264,32.5739],[36.4086,32.5753],[36.4,32.5772],[36.398,32.58],[36.3983,32.5839],[36.4047,32.5967],[36.4067,32.6044],[36.4055,32.6081],[36.4016,32.6131],[36.3964,32.6208],[36.3961,32.623],[36.3975,32.6264],[36.4042,32.63],[36.4208,32.6344],[36.43,32.6428],[36.4406,32.6475],[36.4464,32.6519],[36.4483,32.6547],[36.4505,32.6622],[36.4505,32.6711],[36.4475,32.6778],[36.4453,32.6805],[36.4386,32.6842],[36.4297,32.6858],[36.3992,32.6878],[36.3775,32.695],[36.37,32.695],[36.3655,32.6958],[36.3606,32.6983],[36.3572,32.7025],[36.3553,32.7078],[36.3542,32.7158],[36.3553,32.7308],[36.358,32.7365],[36.3677,32.7396],[36.3692,32.7425],[36.3692,32.7447],[36.3686,32.7489],[36.3661,32.7561],[36.3578,32.7742],[36.3528,32.8108],[36.355,32.8158],[36.3625,32.8255],[36.3639,32.8314],[36.3628,32.835],[36.3531,32.8472],[36.3453,32.8614],[36.3403,32.8842],[36.3369,32.8931],[36.3361,32.8992],[36.3367,32.9033],[36.3397,32.91],[36.3456,32.9186],[36.3472,32.9242],[36.3461,32.93],[36.3411,32.9394],[36.3414,32.9461],[36.3444,32.95],[36.3503,32.9544],[36.3747,32.9658],[36.3883,32.9772],[36.4058,32.9878],[36.4158,32.9953],[36.4247,32.9994],[36.4305,33.0011],[36.4397,33.0028],[36.4556,33.0031],[36.4725,33.0047],[36.5144,33.0031],[36.5339,33.0011],[36.5417,33.0014],[36.5469,33.0039],[36.5469,33.0061],[36.5456,33.0097],[36.54,33.0164],[36.5356,33.0264],[36.5353,33.0442],[36.5344,33.0506],[36.5314,33.0569],[36.5261,33.0594],[36.5186,33.0592],[36.51,33.0569],[36.5047,33.0547],[36.498,33.0536],[36.4922,33.0555],[36.4886,33.0592],[36.4872,33.0628],[36.4872,33.0786],[36.4858,33.0864],[36.4767,33.1039],[36.4719,33.118],[36.4722,33.1219],[36.4747,33.1292],[36.475,33.1361],[36.4703,33.1506],[36.4717,33.1564],[36.475,33.1628],[36.4769,33.1658],[36.4819,33.1708],[36.5014,33.1844],[36.51,33.1889],[36.5142,33.1897],[36.5247,33.1892],[36.5408,33.1842],[36.5486,33.1839],[36.5578,33.1855],[36.5675,33.1931],[36.5708,33.1953],[36.5689,33.1981],[36.5678,33.2017],[36.5681,33.2208],[36.5644,33.2292],[36.5586,33.2358],[36.5481,33.2453],[36.5406,33.2505],[36.5297,33.2622],[36.5253,33.2697],[36.5211,33.2822],[36.5167,33.29],[36.5117,33.2947],[36.508,33.2964],[36.5055,33.2964],[36.5017,33.295],[36.4928,33.2908],[36.4886,33.2875],[36.4806,33.2781],[36.4747,33.2739],[36.4636,33.2692],[36.4361,33.2536],[36.4289,33.2505],[36.4133,33.2405],[36.3939,33.2247],[36.3905,33.2206],[36.3892,33.2172],[36.3886,33.2061],[36.3875,33.2022],[36.3836,33.1986],[36.3772,33.1969],[36.3719,33.1972],[36.3414,33.2039],[36.3328,33.2128],[36.3258,33.2158],[36.3211,33.2189],[36.3164,33.2286],[36.3111,33.2333],[36.3047,33.235],[36.2872,33.2364],[36.28,33.2394],[36.2764,33.2433],[36.275,33.2558],[36.2736,33.2592],[36.2692,33.2625],[36.2583,33.2669],[36.2539,33.2703],[36.2458,33.2794],[36.24,33.2883],[36.235,33.2911],[36.2303,33.2908],[36.2253,33.2883],[36.2222,33.2839],[36.2206,33.2786],[36.2206,33.2742],[36.2258,33.2578],[36.2261,33.2514],[36.2219,33.2411],[36.2169,33.2342],[36.2122,33.2242],[36.2064,33.22],[36.2022,33.2189],[36.1847,33.2175],[36.1758,33.2158],[36.1661,33.2128],[36.1508,33.205],[36.1405,33.2022],[36.1255,33.2028],[36.1031,33.2069],[36.095,33.2072],[36.0853,33.2061],[36.0772,33.2039],[36.068,33.2],[36.0583,33.1942],[36.0455,33.1842],[36.0408,33.1814],[36.0311,33.178],[36.0242,33.1772],[36.0133,33.1769],[35.9975,33.1797],[35.9942,33.1817],[35.9903,33.1919],[35.9872,33.1964],[35.9836,33.1981],[35.9703,33.2005],[35.9617,33.2047],[35.9578,33.1928],[35.9578,33.1772],[35.9561,33.1717],[35.9536,33.1669],[35.9517,33.1594],[35.9536,33.1544],[35.9664,33.1467],[35.9733,33.1433],[35.9775,33.14],[35.9803,33.1356],[35.9811,33.1294],[35.9808,33.1272],[35.9781,33.1228],[35.9672,33.1092],[35.9608,33.0961],[35.9557,33.081],[35.9547,33.0774],[35.9525,33.063],[35.9505,33.0555],[35.9464,33.0453],[35.9461,33.0411],[35.9478,33.0333],[35.9458,33.0281],[35.9469,33.0244],[35.9519,33.015],[35.9631,33.0014],[35.9689,32.9903],[35.9847,32.9739],[35.9869,32.9689],[35.9881,32.9628],[35.9883,32.9542],[35.9867,32.9486],[35.9831,32.9478],[35.9764,32.9511],[35.9731,32.9553],[35.9719,32.9608],[35.9694,32.9633],[35.9672,32.9639],[35.9597,32.9644],[35.9444,32.9636],[35.9372,32.9625],[35.9339,32.9608],[35.9319,32.9578],[35.9322,32.9533],[35.9403,32.9442],[35.9414,32.9383],[35.9414,32.9269],[35.9433,32.9169],[35.9425,32.9131],[35.9394,32.9089],[35.9214,32.8942],[35.9112,32.8912],[35.9128,32.8845],[35.9083,32.8811],[35.8998,32.8791],[35.895,32.8769],[35.892,32.8752]]]},"properties":{"province_name":"Dar`a"}},{"type":"Feature","geometry":{"type":"Polygon","coordinates":[[[38.5234,36.2045],[38.5445,36.2186],[38.5444,36.2335],[38.527,36.245],[38.5288,36.259],[38.534,36.2585],[38.5442,36.2878],[38.5714,36.2858],[38.5721,36.2624],[38.6314,36.2845],[38.6277,36.3053],[38.6451,36.3155],[38.6375,36.3282],[38.6465,36.3403],[38.639,36.3445],[38.6455,36.3482],[38.642,36.368],[38.6347,36.3723],[38.6411,36.3937],[38.6378,36.4008],[38.6446,36.4045],[38.6444,36.413],[38.6544,36.4126],[38.6592,36.4199],[38.6665,36.4218],[38.6658,36.4368],[38.6558,36.4477],[38.658,36.4557],[38.6717,36.4631],[38.6768,36.4781],[38.6574,36.4835],[38.6558,36.4983],[38.6692,36.5294],[38.682,36.5426],[38.6806,36.553],[38.6711,36.5621],[38.6727,36.5681],[38.6879,36.5929],[38.6941,36.623],[38.706,36.6377],[38.7175,36.6382],[38.7203,36.6399],[38.7206,36.6434],[38.717,36.6432],[38.7131,36.6406],[38.7139,36.6532],[38.7034,36.652],[38.6788,36.6375],[38.67,36.6377],[38.6714,36.6489],[38.6346,36.6465],[38.6402,36.6345],[38.6461,36.6121],[38.6367,36.601],[38.6025,36.6153],[38.6096,36.6264],[38.6079,36.6285],[38.607,36.6416],[38.5866,36.6576],[38.5803,36.6716],[38.5874,36.6835],[38.6154,36.6739],[38.6213,36.6668],[38.6578,36.6752],[38.6677,36.6809],[38.6697,36.6859],[38.6666,36.6984],[38.6623,36.7141],[38.6476,36.7157],[38.6435,36.7223],[38.6364,36.7277],[38.6339,36.7313],[38.6426,36.7456],[38.6381,36.7478],[38.6342,36.7535],[38.6321,36.7603],[38.6308,36.7824],[38.6174,36.7907],[38.6118,36.7936],[38.6104,36.7947],[38.607,36.7982],[38.6051,36.7997],[38.6028,36.8009],[38.5971,36.8036],[38.5958,36.8045],[38.5945,36.8055],[38.593,36.8078],[38.5905,36.8143],[38.5902,36.8168],[38.5909,36.8205],[38.591,36.8217],[38.5909,36.8227],[38.5906,36.8236],[38.5901,36.8244],[38.5888,36.8257],[38.5881,36.8262],[38.5867,36.8267],[38.5844,36.827],[38.5826,36.8267],[38.5774,36.8246],[38.5754,36.8242],[38.5726,36.8241],[38.5693,36.825],[38.5676,36.825],[38.5672,36.8254],[38.5669,36.8264],[38.5655,36.8285],[38.5592,36.8406],[38.5584,36.8417],[38.557,36.843],[38.5548,36.8444],[38.5496,36.8464],[38.5336,36.8521],[38.4452,36.8833],[38.3952,36.9008],[38.3923,36.9017],[38.39,36.9022],[38.3866,36.9026],[38.3833,36.9026],[38.3635,36.9006],[38.3524,36.9001],[38.3525,36.8999],[38.3499,36.8998],[38.3499,36.8996],[38.3496,36.8995],[38.349,36.8995],[38.3489,36.8997],[38.3454,36.8996],[38.3454,36.8999],[38.3401,36.8998],[38.2948,36.9075],[38.266,36.9143],[38.264,36.9149],[38.2625,36.9156],[38.2571,36.919],[38.2556,36.9197],[38.244,36.9235],[38.2418,36.9239],[38.2393,36.9237],[38.237,36.9229],[38.2315,36.9193],[38.2308,36.9187],[38.2295,36.9171],[38.2286,36.9163],[38.2225,36.9136],[38.2211,36.9126],[38.219,36.9104],[38.2181,36.9097],[38.2169,36.9091],[38.2145,36.9082],[38.2136,36.9077],[38.213,36.9077],[38.2119,36.908],[38.1985,36.9082],[38.1974,36.9084],[38.1944,36.9093],[38.1925,36.9095],[38.1907,36.9094],[38.1872,36.9088],[38.1829,36.9089],[38.1816,36.9091],[38.1759,36.9113],[38.1746,36.9116],[38.1713,36.9111],[38.169,36.9104],[38.1673,36.9101],[38.1654,36.9093],[38.1647,36.9086],[38.1642,36.9079],[38.1639,36.9062],[38.1645,36.9033],[38.1645,36.9024],[38.1643,36.9015],[38.1637,36.9004],[38.1632,36.8998],[38.1621,36.899],[38.161,36.8985],[38.1557,36.8976],[38.1517,36.8961],[38.1449,36.8939],[38.1435,36.8936],[38.1418,36.8936],[38.1407,36.8937],[38.1377,36.8949],[38.1365,36.8952],[38.1352,36.8952],[38.1337,36.8948],[38.1324,36.8942],[38.1306,36.8926],[38.1294,36.8919],[38.1277,36.8914],[38.1245,36.8911],[38.1227,36.8903],[38.1201,36.8867],[38.1197,36.8864],[38.1171,36.8855],[38.116,36.8849],[38.1151,36.8839],[38.1139,36.882],[38.1123,36.8809],[38.111,36.8804],[38.11,36.8802],[38.1088,36.8802],[38.108,36.8805],[38.1063,36.8807],[38.1048,36.8807],[38.1038,36.8804],[38.1023,36.8796],[38.1015,36.8786],[38.0995,36.8768],[38.0977,36.8761],[38.0961,36.8758],[38.0945,36.876],[38.0931,36.8764],[38.0908,36.8774],[38.0886,36.8777],[38.0793,36.8758],[38.0775,36.8749],[38.0753,36.8735],[38.072,36.8709],[38.0712,36.8697],[38.0698,36.8667],[38.069,36.8654],[38.0677,36.8643],[38.0662,36.8637],[38.0647,36.8634],[38.0628,36.8635],[38.0613,36.864],[38.0591,36.8653],[38.0581,36.8657],[38.0567,36.8659],[38.0556,36.8659],[38.052,36.8648],[38.0474,36.8647],[38.0461,36.8645],[38.045,36.864],[38.0424,36.8622],[38.0412,36.8616],[38.0402,36.8613],[38.0373,36.8609],[38.0358,36.8602],[38.0348,36.8594],[38.0327,36.8565],[38.03,36.8546],[38.0291,36.8533],[38.0288,36.8525],[38.0287,36.847],[38.0294,36.8447],[38.0322,36.8395],[38.0322,36.8378],[38.0317,36.8365],[38.0303,36.8343],[38.0292,36.8331],[38.0237,36.8292],[38.0186,36.826],[38.0172,36.8256],[38.0159,36.8255],[38.0145,36.8257],[38.0123,36.8266],[38.0099,36.8285],[38.0082,36.8292],[38.0048,36.83],[38.0046,36.8295],[38.004,36.8296],[37.9994,36.8306],[37.9988,36.8307],[37.9988,36.8309],[37.9984,36.8308],[37.9968,36.8312],[37.9967,36.831],[37.9958,36.8313],[37.996,36.8317],[37.9944,36.832],[37.9936,36.832],[37.9905,36.831],[37.9727,36.8242],[37.9635,36.8208],[37.9565,36.8201],[37.9436,36.8191],[37.9409,36.8186],[37.9253,36.8109],[37.9243,36.8103],[37.9058,36.7931],[37.9047,36.7923],[37.9032,36.7915],[37.9009,36.7908],[37.8813,36.7882],[37.8776,36.7874],[37.8754,36.7867],[37.827,36.7686],[37.8242,36.7679],[37.8018,36.7638],[37.8,36.7633],[37.7978,36.7622],[37.7962,36.7609],[37.7878,36.7519],[37.7856,36.7504],[37.7833,36.7494],[37.7809,36.749],[37.7789,36.7489],[37.728,36.7516],[37.7183,36.754],[37.7061,36.7572],[37.7035,36.7575],[37.7022,36.7574],[37.7004,36.7571],[37.699,36.7566],[37.6975,36.7558],[37.6911,36.7507],[37.686,36.7455],[37.6848,36.7446],[37.6835,36.744],[37.681,36.7436],[37.6771,36.7426],[37.6765,36.7426],[37.6755,36.7432],[37.6745,36.7433],[37.6717,36.7446],[37.6675,36.748],[37.6654,36.749],[37.6626,36.7496],[37.66,36.7495],[37.6579,36.7489],[37.6567,36.7483],[37.6554,36.7474],[37.6547,36.7464],[37.6494,36.7428],[37.6473,36.7419],[37.6241,36.7261],[37.6218,36.7247],[37.6151,36.7216],[37.6092,36.7193],[37.6033,36.7174],[37.5971,36.715],[37.5804,36.709],[37.5612,36.7008],[37.5247,36.6876],[37.5133,36.6823],[37.5024,36.677],[37.4969,36.6745],[37.4905,36.6699],[37.4896,36.6688],[37.4887,36.6672],[37.4884,36.6659],[37.4883,36.6649],[37.4881,36.6532],[37.4879,36.6515],[37.4871,36.6496],[37.4782,36.6385],[37.4778,36.6378],[37.4741,36.6331],[37.4735,36.6329],[37.4726,36.6321],[37.4724,36.6321],[37.4721,36.6334],[37.4701,36.634],[37.4645,36.6339],[37.4585,36.634],[37.4554,36.6328],[37.452,36.6322],[37.4429,36.6325],[37.4396,36.6341],[37.4378,36.6353],[37.4256,36.6424],[37.4244,36.6428],[37.4063,36.6438],[37.4027,36.6454],[37.3968,36.6477],[37.3927,36.6489],[37.3747,36.6523],[37.373,36.6527],[37.3716,36.6533],[37.3589,36.6554],[37.3568,36.6559],[37.3558,36.6566],[37.3551,36.6568],[37.3508,36.6571],[37.3455,36.6583],[37.3385,36.6592],[37.3255,36.6615],[37.3208,36.6627],[37.3137,36.6641],[37.3036,36.6658],[37.296,36.6636],[37.2911,36.6658],[37.2913,36.6679],[37.2912,36.6682],[37.2897,36.6688],[37.2829,36.67],[37.2793,36.6699],[37.2792,36.6698],[37.2785,36.6648],[37.2782,36.6633],[37.2779,36.6632],[37.2691,36.6655],[37.2652,36.6672],[37.2617,36.6672],[37.2584,36.6677],[37.2553,36.6693],[37.2527,36.6697],[37.2469,36.6703],[37.2438,36.6701],[37.241,36.6701],[37.2403,36.6702],[37.2379,36.6715],[37.236,36.6717],[37.2331,36.6716],[37.2323,36.6722],[37.2312,36.6723],[37.2287,36.6716],[37.2275,36.6717],[37.2261,36.6721],[37.226,36.6723],[37.2262,36.6728],[37.2256,36.673],[37.2247,36.6729],[37.2238,36.6722],[37.2218,36.6734],[37.2201,36.674],[37.2198,36.6739],[37.2174,36.6745],[37.2165,36.6745],[37.215,36.6731],[37.2103,36.6727],[37.1997,36.6683],[37.1866,36.6631],[37.1793,36.6618],[37.1766,36.6602],[37.1765,36.6591],[37.1747,36.6591],[37.1718,36.6584],[37.1707,36.6582],[37.1649,36.6564],[37.1632,36.6555],[37.1625,36.6555],[37.1617,36.6559],[37.1603,36.6576],[37.1595,36.6595],[37.1592,36.6599],[37.159,36.6606],[37.1584,36.6607],[37.1576,36.6613],[37.1549,36.6611],[37.1526,36.6645],[37.1489,36.6679],[37.1462,36.6709],[37.1449,36.6726],[37.1441,36.6731],[37.1433,36.6743],[37.1425,36.676],[37.142,36.6767],[37.1412,36.6765],[37.138,36.6738],[37.1344,36.6712],[37.1262,36.6662],[37.1251,36.6656],[37.1242,36.6654],[37.1226,36.6657],[37.1206,36.6664],[37.1159,36.6701],[37.1146,36.6714],[37.114,36.6717],[37.1133,36.6718],[37.1078,36.6717],[37.107,36.6717],[37.1065,36.6714],[37.106,36.6707],[37.1032,36.6599],[37.1,36.6488],[37.0865,36.6345],[37.0862,36.6342],[37.0859,36.6343],[37.0705,36.6402],[37.0677,36.6417],[37.0652,36.6422],[37.0579,36.6449],[37.0571,36.6454],[37.057,36.6482],[37.0575,36.6541],[37.0571,36.655],[37.0496,36.657],[37.0482,36.6581],[37.0387,36.6625],[37.0349,36.6647],[37.0216,36.665],[37.0205,36.6651],[37.0198,36.6677],[37.0206,36.6713],[37.0201,36.6719],[37.02,36.6724],[37.0196,36.682],[37.0155,36.6844],[37.0144,36.6855],[37.0138,36.6865],[37.0146,36.6901],[37.0156,36.6919],[37.0172,36.6932],[37.0173,36.6954],[37.0205,36.6986],[37.0249,36.6991],[37.0282,36.6988],[37.0314,36.699],[37.0348,36.7005],[37.0378,36.7028],[37.0399,36.7034],[37.0402,36.7039],[37.0404,36.7061],[37.0416,36.7082],[37.0412,36.7103],[37.0414,36.7105],[37.0427,36.7109],[37.0433,36.7113],[37.0437,36.7143],[37.0458,36.7147],[37.0463,36.715],[37.0466,36.7154],[37.0467,36.7158],[37.0463,36.7173],[37.0478,36.7199],[37.0478,36.7204],[37.0463,36.7242],[37.0453,36.725],[37.0453,36.7254],[37.0446,36.7259],[37.0413,36.7277],[37.0411,36.728],[37.0414,36.7291],[37.0409,36.7302],[37.0399,36.7318],[37.0383,36.7337],[37.0375,36.7352],[37.037,36.7357],[37.0364,36.736],[37.0327,36.7363],[37.0317,36.7365],[37.0294,36.7362],[37.0266,36.7362],[37.022,36.7369],[37.0196,36.7362],[37.0185,36.736],[37.0168,36.7361],[37.0152,36.7359],[37.0138,36.7362],[37.0089,36.7364],[37.0066,36.7367],[37.0036,36.7366],[37.0019,36.7369],[37.0005,36.7371],[36.9979,36.7381],[36.9962,36.7385],[36.9958,36.7392],[36.9958,36.7412],[36.9954,36.7415],[36.9928,36.7423],[36.993,36.7435],[36.9939,36.7446],[36.9968,36.7466],[36.9988,36.7474],[36.999,36.748],[36.9995,36.7499],[36.9997,36.75],[37.0001,36.7507],[36.999,36.7523],[36.9973,36.7537],[36.997,36.7542],[36.9967,36.7548],[36.9965,36.7567],[36.996,36.7585],[36.997,36.7606],[36.9984,36.762],[36.9986,36.7623],[36.9983,36.7627],[36.9971,36.7632],[36.9971,36.7641],[36.9964,36.7647],[36.9959,36.7649],[36.9951,36.7649],[36.9851,36.7618],[36.9827,36.762],[36.981,36.7617],[36.9799,36.762],[36.9768,36.7622],[36.9746,36.7627],[36.9705,36.7632],[36.9617,36.7678],[36.9554,36.7699],[36.9464,36.7757],[36.9454,36.7757],[36.9415,36.7734],[36.9406,36.7744],[36.9387,36.7754],[36.9382,36.7753],[36.9369,36.7744],[36.9352,36.7737],[36.9342,36.7737],[36.9335,36.7739],[36.9331,36.7742],[36.9327,36.776],[36.9347,36.7785],[36.9349,36.7793],[36.9348,36.7796],[36.9335,36.7802],[36.9312,36.7802],[36.9307,36.7799],[36.9304,36.779],[36.9301,36.7787],[36.9293,36.7785],[36.9284,36.7788],[36.9287,36.7792],[36.929,36.7805],[36.9288,36.7821],[36.9277,36.7828],[36.9271,36.7828],[36.9249,36.784],[36.9242,36.7842],[36.9234,36.785],[36.9228,36.7854],[36.9197,36.7848],[36.917,36.7848],[36.9141,36.7838],[36.9122,36.7825],[36.9095,36.7813],[36.907,36.7791],[36.9034,36.7777],[36.9007,36.7773],[36.8972,36.7771],[36.8958,36.7774],[36.893,36.7775],[36.8905,36.7784],[36.8892,36.7786],[36.8887,36.7785],[36.8871,36.7778],[36.8845,36.7772],[36.879,36.7794],[36.8771,36.7797],[36.8757,36.7806],[36.8732,36.7807],[36.8713,36.7809],[36.8701,36.7814],[36.8687,36.7818],[36.8678,36.7824],[36.8637,36.7832],[36.8438,36.7885],[36.8411,36.789],[36.837,36.7901],[36.834,36.7906],[36.8325,36.7914],[36.831,36.7914],[36.8288,36.7921],[36.8263,36.792],[36.8248,36.7917],[36.8227,36.791],[36.8203,36.7901],[36.8202,36.7899],[36.8203,36.7891],[36.8198,36.7889],[36.8185,36.7897],[36.8174,36.7908],[36.8158,36.7912],[36.8143,36.7919],[36.8125,36.7924],[36.8098,36.7922],[36.8065,36.7932],[36.8055,36.793],[36.8052,36.7928],[36.8035,36.7934],[36.7997,36.7935],[36.7989,36.7938],[36.7981,36.7945],[36.798,36.7947],[36.7983,36.7954],[36.795,36.7968],[36.7941,36.797],[36.7931,36.7963],[36.7922,36.7965],[36.7914,36.7972],[36.791,36.7973],[36.7898,36.7975],[36.7884,36.7971],[36.7815,36.8009],[36.7779,36.8024],[36.773,36.8051],[36.7702,36.8068],[36.7696,36.8071],[36.7686,36.8062],[36.7683,36.8062],[36.7675,36.8084],[36.766,36.8092],[36.7645,36.8094],[36.7638,36.8101],[36.763,36.8099],[36.7627,36.8109],[36.7615,36.8117],[36.7613,36.8125],[36.7591,36.8134],[36.7543,36.817],[36.7528,36.8187],[36.7516,36.8193],[36.7498,36.8195],[36.7473,36.8202],[36.7453,36.8203],[36.7429,36.8192],[36.7393,36.8184],[36.7383,36.8192],[36.7371,36.8197],[36.7348,36.8198],[36.7336,36.8196],[36.7333,36.8198],[36.733,36.8206],[36.7307,36.8212],[36.7294,36.821],[36.728,36.8213],[36.7261,36.8227],[36.7263,36.8235],[36.7263,36.8242],[36.7252,36.8247],[36.7246,36.8253],[36.7238,36.8259],[36.7178,36.8271],[36.7161,36.828],[36.7158,36.828],[36.7147,36.8272],[36.7128,36.8271],[36.7121,36.8268],[36.711,36.826],[36.7098,36.8264],[36.7094,36.8264],[36.7082,36.8259],[36.7064,36.8264],[36.7045,36.826],[36.7032,36.8267],[36.7027,36.8266],[36.7015,36.826],[36.7012,36.826],[36.6976,36.8272],[36.6959,36.827],[36.6942,36.8272],[36.6931,36.8271],[36.6916,36.8264],[36.6906,36.8265],[36.6901,36.8261],[36.6894,36.8258],[36.6878,36.8262],[36.685,36.8256],[36.6837,36.8262],[36.6827,36.8265],[36.6821,36.8265],[36.6815,36.8262],[36.6805,36.826],[36.6795,36.8261],[36.6792,36.8262],[36.6779,36.8276],[36.6766,36.8277],[36.675,36.8282],[36.6741,36.8281],[36.6723,36.8284],[36.6709,36.8284],[36.6699,36.829],[36.6694,36.8287],[36.6683,36.8284],[36.6674,36.8277],[36.6668,36.8279],[36.6664,36.8284],[36.6658,36.8284],[36.6652,36.828],[36.6652,36.8273],[36.6651,36.8269],[36.6658,36.8266],[36.6663,36.8259],[36.669,36.8246],[36.6693,36.8241],[36.6696,36.8228],[36.6695,36.8226],[36.6688,36.8224],[36.6688,36.8218],[36.6689,36.8214],[36.6694,36.8211],[36.67,36.821],[36.6704,36.8212],[36.6709,36.8215],[36.6712,36.8215],[36.6714,36.8214],[36.6716,36.8208],[36.6711,36.8193],[36.6705,36.8188],[36.6687,36.8176],[36.6675,36.816],[36.6673,36.8155],[36.668,36.8148],[36.668,36.8143],[36.6669,36.8132],[36.667,36.8128],[36.6681,36.8122],[36.6684,36.8123],[36.6689,36.8129],[36.6695,36.8129],[36.6701,36.8114],[36.6708,36.811],[36.6713,36.8101],[36.6713,36.8096],[36.6707,36.8093],[36.6706,36.8091],[36.6711,36.8081],[36.6709,36.8074],[36.6706,36.8069],[36.6698,36.8066],[36.6689,36.8064],[36.6686,36.806],[36.6688,36.8052],[36.6699,36.805],[36.6702,36.8038],[36.6695,36.8032],[36.6694,36.8027],[36.6697,36.8021],[36.6707,36.8017],[36.6707,36.8013],[36.67,36.8007],[36.6692,36.8008],[36.6671,36.8003],[36.6668,36.7998],[36.667,36.7987],[36.6669,36.7984],[36.6665,36.7983],[36.6656,36.7985],[36.6642,36.7979],[36.664,36.7967],[36.6643,36.7958],[36.664,36.7956],[36.6631,36.7956],[36.6626,36.7952],[36.6625,36.7948],[36.6629,36.7946],[36.6629,36.7944],[36.6626,36.7936],[36.6619,36.7929],[36.6607,36.7928],[36.6601,36.7925],[36.6592,36.7927],[36.6585,36.7931],[36.6581,36.7931],[36.6576,36.7926],[36.6575,36.7922],[36.6569,36.7918],[36.6568,36.791],[36.6563,36.7903],[36.6564,36.7898],[36.6558,36.7891],[36.6545,36.7888],[36.6528,36.7886],[36.6519,36.7883],[36.6516,36.7879],[36.6518,36.787],[36.6508,36.7865],[36.6504,36.7865],[36.65,36.7868],[36.649,36.787],[36.6487,36.7869],[36.6488,36.7864],[36.6486,36.7863],[36.6473,36.7862],[36.6465,36.7866],[36.6459,36.7864],[36.6457,36.7859],[36.6451,36.7855],[36.6448,36.7846],[36.6439,36.7838],[36.6439,36.7836],[36.6442,36.7831],[36.6441,36.7828],[36.6435,36.7825],[36.6427,36.7814],[36.6425,36.78],[36.6435,36.7796],[36.6438,36.7792],[36.6436,36.7778],[36.643,36.7772],[36.6414,36.7765],[36.6411,36.7758],[36.6413,36.7754],[36.6412,36.7751],[36.6404,36.7743],[36.6397,36.7742],[36.6394,36.7739],[36.6396,36.7726],[36.6394,36.7718],[36.6399,36.771],[36.64,36.7701],[36.6404,36.7696],[36.6404,36.7694],[36.6398,36.7692],[36.6392,36.7694],[36.6383,36.7699],[36.6379,36.7707],[36.6377,36.7708],[36.6364,36.7707],[36.6346,36.7711],[36.6344,36.7709],[36.6344,36.7707],[36.6351,36.7696],[36.6352,36.7689],[36.6352,36.7682],[36.6349,36.7678],[36.6346,36.7677],[36.6336,36.768],[36.6322,36.7672],[36.6291,36.7673],[36.628,36.7668],[36.6276,36.7663],[36.6281,36.7655],[36.628,36.7647],[36.629,36.763],[36.629,36.7628],[36.6278,36.7622],[36.6268,36.7621],[36.6258,36.7621],[36.6254,36.762],[36.6253,36.7617],[36.6258,36.7605],[36.625,36.7602],[36.6228,36.7577],[36.6224,36.7565],[36.6214,36.7559],[36.6207,36.7535],[36.6201,36.753],[36.6196,36.7523],[36.6189,36.7519],[36.6181,36.751],[36.6168,36.7493],[36.6161,36.7487],[36.6152,36.7477],[36.6132,36.7463],[36.6128,36.7455],[36.6127,36.7446],[36.6129,36.7438],[36.6142,36.7433],[36.6155,36.7423],[36.6159,36.7417],[36.6158,36.7415],[36.6148,36.741],[36.6145,36.7405],[36.6145,36.7403],[36.6161,36.7392],[36.6174,36.7381],[36.6173,36.7379],[36.6161,36.7369],[36.6161,36.7358],[36.6162,36.7354],[36.6166,36.7353],[36.6169,36.7347],[36.6175,36.7343],[36.618,36.7337],[36.6186,36.7327],[36.6188,36.732],[36.619,36.7318],[36.6194,36.7306],[36.6194,36.7303],[36.6188,36.7296],[36.6186,36.7285],[36.6187,36.7282],[36.6213,36.7266],[36.6226,36.7244],[36.6245,36.7224],[36.6256,36.7206],[36.6268,36.7203],[36.6281,36.7194],[36.6284,36.7194],[36.6295,36.7202],[36.63,36.7202],[36.6304,36.7199],[36.6302,36.7186],[36.6305,36.7181],[36.6305,36.7177],[36.6302,36.7158],[36.6314,36.7128],[36.6308,36.7103],[36.6298,36.7083],[36.6296,36.7077],[36.6295,36.707],[36.629,36.7056],[36.6279,36.7046],[36.6273,36.7044],[36.6268,36.7039],[36.6259,36.7035],[36.6253,36.7021],[36.6244,36.7016],[36.6235,36.7008],[36.6228,36.6994],[36.6218,36.6985],[36.6213,36.6972],[36.6203,36.6965],[36.6196,36.6957],[36.6193,36.695],[36.6196,36.6944],[36.6195,36.694],[36.6178,36.6936],[36.6174,36.6933],[36.6162,36.6932],[36.6144,36.6928],[36.6125,36.6904],[36.6123,36.6897],[36.613,36.6892],[36.6132,36.6885],[36.6131,36.6878],[36.612,36.6866],[36.6118,36.6861],[36.6119,36.6857],[36.6123,36.6846],[36.612,36.6842],[36.6116,36.6834],[36.6103,36.6822],[36.6095,36.6816],[36.609,36.6816],[36.6087,36.6815],[36.6089,36.6809],[36.6086,36.6802],[36.6089,36.6786],[36.6088,36.6782],[36.6084,36.6777],[36.6081,36.6771],[36.6077,36.6769],[36.6059,36.6769],[36.6048,36.6771],[36.6038,36.6771],[36.6028,36.6767],[36.6023,36.6761],[36.6013,36.6738],[36.6005,36.6732],[36.5999,36.6725],[36.599,36.6721],[36.5977,36.672],[36.5966,36.6713],[36.5956,36.6708],[36.5948,36.6708],[36.5941,36.6711],[36.5936,36.6711],[36.5932,36.6703],[36.5918,36.6691],[36.5893,36.6689],[36.589,36.6682],[36.5888,36.6679],[36.5892,36.6672],[36.5892,36.6666],[36.5884,36.6657],[36.588,36.6649],[36.5879,36.6642],[36.5882,36.6636],[36.588,36.6631],[36.5882,36.6621],[36.5879,36.6618],[36.5875,36.6618],[36.5865,36.6623],[36.5859,36.6624],[36.5845,36.6623],[36.5833,36.6614],[36.5826,36.6606],[36.5819,36.6601],[36.5796,36.6591],[36.5786,36.6591],[36.5778,36.6587],[36.5769,36.6588],[36.5766,36.6594],[36.5763,36.6597],[36.5757,36.6516],[36.5761,36.6398],[36.5767,36.6358],[36.577,36.6296],[36.5776,36.6253],[36.5782,36.6165],[36.5791,36.6083],[36.5823,36.6033],[36.5846,36.6014],[36.5868,36.5932],[36.5881,36.5905],[36.591,36.5852],[36.5895,36.5838],[36.5887,36.5825],[36.5873,36.5769],[36.5853,36.5722],[36.5847,36.5692],[36.5839,36.568],[36.5824,36.5562],[36.5776,36.5394],[36.5759,36.5312],[36.575,36.5291],[36.5746,36.5286],[36.5698,36.5261],[36.5685,36.524],[36.568,36.5223],[36.5669,36.5211],[36.5654,36.52],[36.5634,36.5179],[36.5579,36.5133],[36.5508,36.5085],[36.5442,36.5018],[36.5467,36.5007],[36.5466,36.4998],[36.5457,36.4998],[36.5455,36.4997],[36.5458,36.497],[36.5481,36.4974],[36.5477,36.4947],[36.5488,36.4918],[36.5492,36.4891],[36.5463,36.4874],[36.5459,36.4865],[36.5455,36.4861],[36.5449,36.4855],[36.5439,36.4848],[36.5437,36.4845],[36.5438,36.4839],[36.5451,36.481],[36.5455,36.4807],[36.5479,36.4808],[36.5507,36.4799],[36.5541,36.4762],[36.5555,36.4738],[36.554,36.4704],[36.5538,36.4692],[36.5532,36.4678],[36.5532,36.4675],[36.5553,36.4659],[36.562,36.4637],[36.5601,36.4605],[36.5583,36.4589],[36.5583,36.4586],[36.5592,36.4577],[36.5593,36.4573],[36.5589,36.4564],[36.5577,36.4551],[36.5575,36.4545],[36.5578,36.4541],[36.559,36.4533],[36.5586,36.4531],[36.5567,36.4524],[36.5562,36.452],[36.5563,36.4515],[36.5576,36.4505],[36.5564,36.4487],[36.5554,36.4476],[36.5551,36.4453],[36.5551,36.4433],[36.5561,36.4426],[36.5577,36.442],[36.5585,36.4407],[36.5594,36.4397],[36.5616,36.4389],[36.5645,36.4403],[36.565,36.4404],[36.5653,36.4402],[36.5666,36.4382],[36.5667,36.4377],[36.5665,36.4356],[36.5656,36.4313],[36.5648,36.4286],[36.564,36.428],[36.5638,36.4274],[36.5664,36.4194],[36.5667,36.4192],[36.5717,36.4198],[36.5729,36.4178],[36.5752,36.4167],[36.5768,36.4139],[36.5794,36.4083],[36.5806,36.4073],[36.5852,36.3944],[36.5863,36.3919],[36.5948,36.393],[36.5973,36.3931],[36.599,36.3928],[36.6018,36.3932],[36.606,36.3932],[36.6074,36.3933],[36.6062,36.3925],[36.606,36.3922],[36.6049,36.3889],[36.6052,36.3854],[36.605,36.3842],[36.6051,36.3817],[36.6061,36.3799],[36.6058,36.3781],[36.605,36.3762],[36.6041,36.3753],[36.6023,36.373],[36.5967,36.3729],[36.5968,36.3725],[36.5971,36.3718],[36.5982,36.3705],[36.5994,36.3685],[36.6029,36.3672],[36.6035,36.3666],[36.6052,36.3659],[36.6077,36.3638],[36.6115,36.3619],[36.6155,36.3593],[36.6182,36.3578],[36.6185,36.3575],[36.6132,36.3534],[36.6116,36.3525],[36.6047,36.35],[36.599,36.3495],[36.5996,36.3436],[36.6018,36.3366],[36.6027,36.332],[36.6038,36.3297],[36.6055,36.3268],[36.6054,36.3264],[36.6042,36.3252],[36.605,36.3255],[36.6072,36.3256],[36.607,36.3267],[36.6056,36.3289],[36.6054,36.3299],[36.6051,36.3304],[36.6053,36.3317],[36.6052,36.3323],[36.6056,36.3325],[36.6061,36.3325],[36.6071,36.3321],[36.608,36.332],[36.6086,36.3324],[36.6089,36.3328],[36.6088,36.3333],[36.6082,36.3339],[36.608,36.3346],[36.6092,36.3362],[36.6097,36.3364],[36.6109,36.3363],[36.6128,36.3372],[36.6144,36.3366],[36.6151,36.336],[36.6158,36.336],[36.6162,36.3354],[36.617,36.335],[36.6172,36.3344],[36.6184,36.3346],[36.6188,36.3343],[36.6208,36.3356],[36.6229,36.3365],[36.6235,36.3372],[36.6239,36.3382],[36.6242,36.3385],[36.6246,36.3384],[36.625,36.3379],[36.6257,36.3374],[36.6263,36.3372],[36.6266,36.3374],[36.6275,36.3389],[36.6272,36.3407],[36.6273,36.3413],[36.627,36.3419],[36.6262,36.3424],[36.626,36.343],[36.6267,36.3436],[36.6274,36.3436],[36.6276,36.344],[36.6285,36.3444],[36.6289,36.345],[36.6298,36.3451],[36.631,36.3449],[36.633,36.3436],[36.6343,36.3434],[36.6345,36.3432],[36.6347,36.3427],[36.6354,36.3423],[36.6374,36.3418],[36.6385,36.3399],[36.6418,36.3359],[36.6521,36.3389],[36.6574,36.3388],[36.6597,36.334],[36.6623,36.3328],[36.6645,36.3298],[36.6641,36.3296],[36.6647,36.3288],[36.6645,36.3282],[36.6646,36.3266],[36.6645,36.3259],[36.6764,36.324],[36.6982,36.3236],[36.7066,36.3206],[36.7265,36.3194],[36.7458,36.32],[36.752,36.3193],[36.7526,36.3195],[36.7489,36.3298],[36.7447,36.3399],[36.749,36.3416],[36.7623,36.3429],[36.7713,36.3351],[36.7714,36.331],[36.7753,36.3172],[36.7756,36.3053],[36.7786,36.2989],[36.785,36.2944],[36.7961,36.2892],[36.8055,36.2828],[36.8097,36.2772],[36.8172,36.2697],[36.8228,36.2608],[36.8275,36.2553],[36.8331,36.2505],[36.84,36.2467],[36.8436,36.2406],[36.8442,36.2328],[36.8364,36.2197],[36.8258,36.2097],[36.7994,36.2122],[36.7811,36.2055],[36.7715,36.1942],[36.7679,36.1942],[36.7661,36.1917],[36.7735,36.1857],[36.7714,36.1796],[36.7638,36.1691],[36.7607,36.1635],[36.7559,36.1613],[36.7476,36.1619],[36.7398,36.1627],[36.7345,36.1583],[36.7283,36.1557],[36.7114,36.1493],[36.7049,36.1423],[36.7033,36.14],[36.7041,36.1373],[36.7081,36.1364],[36.7104,36.1331],[36.7135,36.13],[36.7144,36.1272],[36.725,36.119],[36.7322,36.1178],[36.7361,36.1161],[36.7478,36.1072],[36.7497,36.1],[36.7489,36.0956],[36.7494,36.0917],[36.755,36.0869],[36.7831,36.0717],[36.8086,36.063],[36.8442,36.0528],[36.8478,36.0508],[36.8522,36.0497],[36.8708,36.0408],[36.8725,36.0392],[36.8732,36.0357],[36.872,36.0326],[36.8687,36.0266],[36.8642,36.0204],[36.8625,36.0108],[36.8547,35.9934],[36.8638,35.9794],[36.8649,35.966],[36.8676,35.9538],[36.8805,35.9352],[36.8988,35.9409],[36.9147,35.9048],[36.9329,35.905],[36.9402,35.9065],[36.9461,35.9003],[36.9475,35.8969],[36.943,35.8846],[36.9469,35.8813],[36.9589,35.8794],[36.9664,35.8719],[36.9675,35.8686],[36.9692,35.8531],[36.9708,35.8503],[36.9814,35.8444],[36.9869,35.8397],[36.9732,35.8177],[36.9789,35.8078],[37.0073,35.825],[37.0242,35.8224],[37.031,35.8412],[37.0555,35.834],[37.0674,35.837],[37.0719,35.8355],[37.0668,35.8285],[37.0791,35.8193],[37.0983,35.8355],[37.1179,35.8334],[37.1126,35.8109],[37.144,35.8068],[37.1412,35.782],[37.1218,35.7865],[37.1039,35.7662],[37.1205,35.756],[37.0977,35.7421],[37.0753,35.741],[37.0755,35.7287],[37.1189,35.7268],[37.1076,35.7079],[37.1014,35.704],[37.0875,35.6989],[37.0806,35.6906],[37.081,35.6858],[37.0992,35.681],[37.1037,35.6774],[37.1208,35.6728],[37.1141,35.6598],[37.1241,35.6553],[37.1303,35.6534],[37.1264,35.645],[37.124,35.6403],[37.128,35.6295],[37.1423,35.6236],[37.1162,35.6047],[37.1189,35.6006],[37.1098,35.5926],[37.1123,35.5916],[37.1261,35.5928],[37.1336,35.5892],[37.1514,35.5842],[37.1578,35.5797],[37.1656,35.5719],[37.1672,35.5692],[37.1703,35.5669],[37.1742,35.5653],[37.1812,35.5591],[37.1839,35.5633],[37.2132,35.5674],[37.2152,35.5634],[37.2125,35.5525],[37.2163,35.5513],[37.22,35.5528],[37.2221,35.5658],[37.2347,35.5677],[37.2411,35.5619],[37.2433,35.5583],[37.2451,35.5511],[37.2464,35.5478],[37.2478,35.5451],[37.2511,35.5405],[37.2565,35.5393],[37.2613,35.5377],[37.27,35.5402],[37.284,35.5397],[37.2848,35.5464],[37.2881,35.547],[37.3018,35.5551],[37.3025,35.5521],[37.3047,35.5465],[37.3122,35.5474],[37.3138,35.5479],[37.3215,35.5486],[37.3255,35.5485],[37.3242,35.5386],[37.3239,35.5344],[37.3149,35.531],[37.3165,35.5303],[37.3204,35.5272],[37.3237,35.5252],[37.3264,35.5232],[37.3278,35.521],[37.3281,35.5193],[37.3287,35.5189],[37.3304,35.5191],[37.3364,35.5229],[37.3473,35.5141],[37.3694,35.5222],[37.3865,35.5156],[37.3856,35.5378],[37.3841,35.5431],[37.4187,35.5625],[37.4318,35.5592],[37.4434,35.5555],[37.4849,35.5267],[37.4964,35.5062],[37.5011,35.482],[37.4992,35.4767],[37.6001,35.4685],[37.7328,35.471],[37.7327,35.4871],[37.7851,35.4872],[37.8098,35.4479],[37.8248,35.4472],[37.8525,35.445],[37.9209,35.4391],[37.9538,35.444],[38.0681,35.415],[38.1006,35.4077],[38.1285,35.4021],[38.1617,35.3944],[38.2121,35.3841],[38.2131,35.3838],[38.2322,35.4345],[38.2728,35.4682],[38.2922,35.5046],[38.3172,35.5345],[38.3186,35.5699],[38.2688,35.5892],[38.2228,35.6054],[38.2228,35.6171],[38.205,35.6517],[38.207,35.7153],[38.1646,35.7266],[38.1799,35.7855],[38.1507,35.7966],[38.1765,35.8359],[38.1493,35.8392],[38.1414,35.8317],[38.1243,35.8379],[38.1284,35.8554],[38.1377,35.8718],[38.1428,35.8849],[38.1425,35.8969],[38.1517,35.9033],[38.1597,35.9108],[38.1639,35.9172],[38.1689,35.9278],[38.1728,35.94],[38.178,35.9471],[38.1817,35.9525],[38.1828,35.9583],[38.1828,35.9636],[38.1817,35.9683],[38.1772,35.9719],[38.1378,35.9972],[38.1317,36.0033],[38.1225,36.0189],[38.1155,36.025],[38.1086,36.0328],[38.0944,36.0444],[38.0858,36.0492],[38.0792,36.055],[38.0639,36.0733],[38.0614,36.0814],[38.0572,36.1106],[38.0572,36.1192],[38.0592,36.1342],[38.0608,36.1408],[38.065,36.1478],[38.0717,36.1542],[38.0764,36.1608],[38.0886,36.175],[38.1,36.1994],[38.1047,36.2058],[38.1089,36.2133],[38.1173,36.2328],[38.1237,36.2441],[38.1565,36.2553],[38.1708,36.2561],[38.1856,36.26],[38.1919,36.264],[38.2036,36.277],[38.2039,36.3049],[38.2356,36.3011],[38.2747,36.2944],[38.3123,36.2805],[38.3273,36.2817],[38.3316,36.2753],[38.3372,36.2698],[38.3443,36.2685],[38.3493,36.2633],[38.3501,36.2585],[38.3435,36.2442],[38.3353,36.2431],[38.3311,36.2291],[38.35,36.2052],[38.3624,36.2001],[38.377,36.1757],[38.3743,36.1637],[38.3797,36.1591],[38.4062,36.1544],[38.4351,36.1607],[38.4426,36.1947],[38.4225,36.2124],[38.4202,36.2203],[38.4129,36.2318],[38.4779,36.2387],[38.5055,36.2353],[38.5097,36.2041],[38.5234,36.2045]],[[38.1055,36.8798],[38.1058,36.8798],[38.1059,36.879],[38.1057,36.879],[38.1057,36.8796],[38.1054,36.8796],[38.1053,36.8798],[38.1055,36.8798]]]},"properties":{"province_name":"Aleppo"}},{"type":"Feature","geometry":{"type":"Polygon","coordinates":[[[36.3899,35.7175],[36.3853,35.7166],[36.3895,35.7081],[36.3796,35.7046],[36.372,35.7155],[36.3544,35.7153],[36.35,35.7167],[36.3469,35.7189],[36.3403,35.7394],[36.3362,35.7442],[36.3366,35.7452],[36.3395,35.7469],[36.34,35.7484],[36.3214,35.7615],[36.3196,35.7619],[36.3152,35.7595],[36.3157,35.749],[36.3156,35.7462],[36.3133,35.7453],[36.3061,35.7481],[36.2991,35.75],[36.296,35.7503],[36.2955,35.7372],[36.2808,35.7375],[36.2686,35.7419],[36.2617,35.7458],[36.2542,35.7536],[36.2202,35.7564],[36.2254,35.7468],[36.234,35.7357],[36.2552,35.7154],[36.2512,35.7124],[36.2449,35.7182],[36.2411,35.7152],[36.2441,35.7059],[36.2422,35.7043],[36.2395,35.7043],[36.2383,35.6983],[36.2416,35.6924],[36.2366,35.6841],[36.2348,35.6816],[36.2335,35.6823],[36.2342,35.6836],[36.2358,35.6845],[36.2361,35.6861],[36.2308,35.687],[36.2304,35.6904],[36.2308,35.6918],[36.2278,35.6944],[36.226,35.6931],[36.2273,35.6914],[36.2272,35.6908],[36.2277,35.6881],[36.2294,35.6866],[36.2287,35.6854],[36.2275,35.6857],[36.2253,35.6841],[36.2228,35.6825],[36.2202,35.6814],[36.2186,35.6812],[36.2132,35.6832],[36.2116,35.6833],[36.2088,35.6856],[36.2073,35.6894],[36.2042,35.6932],[36.1966,35.687],[36.2061,35.6758],[36.2005,35.6697],[36.2131,35.6569],[36.2051,35.6538],[36.211,35.6477],[36.2189,35.6474],[36.2201,35.6405],[36.2163,35.6303],[36.2126,35.6301],[36.2157,35.6124],[36.2177,35.5972],[36.2186,35.5699],[36.2213,35.5472],[36.2208,35.5375],[36.2189,35.5239],[36.2153,35.5119],[36.2073,35.4629],[36.2025,35.4467],[36.2005,35.4289],[36.2025,35.4175],[36.2047,35.4108],[36.2067,35.4081],[36.2083,35.4003],[36.2119,35.3903],[36.2151,35.3843],[36.2189,35.3781],[36.2215,35.3755],[36.2245,35.3695],[36.2251,35.3655],[36.2243,35.3611],[36.2237,35.3559],[36.2253,35.3453],[36.2297,35.3357],[36.2309,35.3281],[36.2385,35.3062],[36.2366,35.2869],[36.2217,35.2722],[36.2255,35.2595],[36.2289,35.257],[36.2405,35.2595],[36.2515,35.2635],[36.2561,35.2477],[36.2478,35.2356],[36.2527,35.2075],[36.2545,35.2009],[36.2542,35.1986],[36.2539,35.1861],[36.255,35.1703],[36.2575,35.1553],[36.2572,35.1469],[36.258,35.1433],[36.2583,35.1272],[36.263,35.1014],[36.2644,35.0981],[36.2705,35.0904],[36.2707,35.0839],[36.2699,35.0817],[36.2672,35.0814],[36.2637,35.08],[36.2624,35.0778],[36.2618,35.0761],[36.2626,35.0731],[36.2655,35.0705],[36.2664,35.0663],[36.258,35.0461],[36.2564,35.0425],[36.2539,35.04],[36.2436,35.035],[36.2373,35.0309],[36.2337,35.0245],[36.2301,35.0229],[36.2195,35.0233],[36.2105,35.0219],[36.2057,35.0169],[36.2014,35.0158],[36.1917,35.0155],[36.1875,35.0144],[36.1842,35.013],[36.1753,35.0064],[36.1711,35.0055],[36.1566,35.0081],[36.1544,35.0078],[36.1504,35.004],[36.145,34.9863],[36.1343,34.9831],[36.1351,34.9786],[36.1364,34.9755],[36.1439,34.9753],[36.1477,34.979],[36.1541,34.9801],[36.1641,34.9801],[36.1697,34.9775],[36.1797,34.9722],[36.1983,34.9713],[36.2086,34.9728],[36.2198,34.9726],[36.2264,34.9722],[36.2335,34.9725],[36.2389,34.9709],[36.2517,34.9733],[36.2565,34.9723],[36.2674,34.9591],[36.2679,34.9551],[36.2702,34.9501],[36.2719,34.9444],[36.2704,34.9379],[36.2711,34.9337],[36.273,34.9279],[36.2698,34.9222],[36.2715,34.9209],[36.2737,34.9212],[36.2788,34.9227],[36.2825,34.9224],[36.2874,34.9216],[36.2945,34.9208],[36.3012,34.9232],[36.304,34.9206],[36.3019,34.9186],[36.3009,34.9175],[36.3047,34.9129],[36.3046,34.9114],[36.3049,34.9078],[36.3169,34.8997],[36.3192,34.8969],[36.3176,34.8915],[36.3198,34.8907],[36.3224,34.8927],[36.3233,34.8916],[36.3221,34.8867],[36.3234,34.8836],[36.3272,34.887],[36.3291,34.8829],[36.3247,34.88],[36.328,34.8725],[36.3282,34.8698],[36.3304,34.8643],[36.3319,34.8642],[36.3319,34.864],[36.3369,34.8648],[36.3408,34.8571],[36.3408,34.8541],[36.3451,34.8531],[36.3494,34.8555],[36.3583,34.8666],[36.3611,34.8689],[36.3675,34.8725],[36.3722,34.873],[36.3792,34.8697],[36.3825,34.8633],[36.3909,34.8573],[36.4019,34.8604],[36.4121,34.8662],[36.4165,34.873],[36.4237,34.8912],[36.4244,34.8968],[36.4395,34.8975],[36.4505,34.8897],[36.4489,34.9039],[36.4503,34.9097],[36.453,34.9144],[36.4594,34.9205],[36.4753,34.928],[36.4786,34.9322],[36.4828,34.9425],[36.4869,34.948],[36.4933,34.9522],[36.4989,34.9544],[36.5086,34.955],[36.5147,34.953],[36.5211,34.9492],[36.5228,34.9461],[36.5225,34.9417],[36.5155,34.9336],[36.5139,34.9303],[36.5142,34.9258],[36.5175,34.9241],[36.5272,34.9239],[36.5328,34.9214],[36.5344,34.9183],[36.5341,34.9114],[36.535,34.9075],[36.5386,34.9036],[36.5442,34.9014],[36.5519,34.9011],[36.5619,34.9022],[36.5742,34.908],[36.5803,34.9122],[36.5897,34.9158],[36.5969,34.9167],[36.6139,34.9103],[36.618,34.9092],[36.623,34.9092],[36.6314,34.9114],[36.6364,34.9108],[36.6489,34.9125],[36.6589,34.9177],[36.6614,34.9203],[36.6669,34.9225],[36.6708,34.9255],[36.6791,34.9272],[36.6861,34.9308],[36.6958,34.9342],[36.7086,34.9347],[36.7153,34.9361],[36.7236,34.9408],[36.7294,34.9475],[36.7333,34.9489],[36.7375,34.9486],[36.7405,34.9464],[36.7444,34.945],[36.7492,34.9455],[36.7536,34.9492],[36.7578,34.9503],[36.7639,34.9486],[36.7686,34.9483],[36.7792,34.9492],[36.795,34.9486],[36.7991,34.9497],[36.8025,34.9517],[36.8153,34.9636],[36.8264,34.9658],[36.8325,34.9653],[36.8414,34.965],[36.8455,34.9669],[36.8492,34.9694],[36.8536,34.9705],[36.8578,34.9742],[36.8644,34.9778],[36.878,34.978],[36.8836,34.9775],[36.888,34.9761],[36.8928,34.9755],[36.9106,34.9776],[36.922,34.9753],[36.9244,34.9732],[36.9258,34.9715],[36.9269,34.9709],[36.941,34.9564],[36.9545,34.9256],[36.9577,34.9234],[36.9581,34.9228],[36.9584,34.921],[36.9591,34.9198],[36.9588,34.9188],[36.9579,34.9174],[36.9559,34.9114],[36.957,34.9077],[36.9642,34.8968],[36.9711,34.892],[36.9721,34.8821],[36.9708,34.8811],[36.9751,34.8649],[36.9755,34.8638],[36.9769,34.8581],[36.9773,34.8582],[36.978,34.8546],[36.9834,34.8558],[36.9936,34.8565],[37.0025,34.8577],[37.0042,34.858],[37.0051,34.8584],[37.0058,34.8593],[37.007,34.86],[37.0135,34.8633],[37.0157,34.8641],[37.0188,34.8667],[37.0209,34.8679],[37.0262,34.8717],[37.0286,34.8738],[37.0289,34.8743],[37.0301,34.875],[37.0377,34.8818],[37.0451,34.8878],[37.051,34.8871],[37.0649,34.8858],[37.0689,34.8969],[37.0706,34.8974],[37.0706,34.9043],[37.112,34.9023],[37.1108,34.9074],[37.1107,34.91],[37.1116,34.9126],[37.1146,34.9197],[37.1307,34.9248],[37.1339,34.9254],[37.1412,34.925],[37.1445,34.9254],[37.1492,34.9245],[37.1531,34.9169],[37.1556,34.9162],[37.157,34.9156],[37.1583,34.9151],[37.1594,34.9139],[37.1612,34.9115],[37.1634,34.9094],[37.167,34.9095],[37.1691,34.9106],[37.1734,34.912],[37.1695,34.9199],[37.169,34.9206],[37.168,34.9225],[37.1677,34.9236],[37.1672,34.9239],[37.1691,34.9278],[37.174,34.9355],[37.1767,34.9383],[37.1806,34.9434],[37.185,34.9438],[37.1913,34.9449],[37.1943,34.9439],[37.1973,34.9427],[37.1983,34.9425],[37.2079,34.9394],[37.2158,34.9455],[37.218,34.9433],[37.2189,34.9427],[37.2196,34.9421],[37.2221,34.9409],[37.2231,34.94],[37.2245,34.9378],[37.2248,34.9371],[37.2278,34.9364],[37.2284,34.9353],[37.2302,34.9325],[37.2311,34.9308],[37.2318,34.9271],[37.2323,34.9262],[37.2325,34.9248],[37.233,34.9236],[37.2335,34.9207],[37.2358,34.9178],[37.2368,34.916],[37.2434,34.9161],[37.244,34.9155],[37.244,34.914],[37.2444,34.913],[37.247,34.9117],[37.2476,34.9112],[37.2487,34.9094],[37.2489,34.9075],[37.2533,34.9068],[37.2566,34.9044],[37.2587,34.9051],[37.2617,34.9057],[37.2647,34.9067],[37.2692,34.9074],[37.273,34.9091],[37.2765,34.9117],[37.2788,34.9126],[37.2794,34.9134],[37.2854,34.9155],[37.2854,34.9167],[37.2907,34.9191],[37.2898,34.9226],[37.2885,34.9258],[37.29,34.9265],[37.293,34.9272],[37.2917,34.929],[37.2906,34.932],[37.2894,34.9334],[37.2899,34.9341],[37.2896,34.9351],[37.2855,34.9383],[37.2893,34.9411],[37.2906,34.9432],[37.3076,34.9469],[37.3044,34.9509],[37.3033,34.955],[37.303,34.9556],[37.3031,34.9569],[37.3028,34.9591],[37.3033,34.9604],[37.304,34.9611],[37.3051,34.9615],[37.3095,34.9646],[37.3108,34.9657],[37.3134,34.9661],[37.3252,34.9666],[37.3294,34.966],[37.3344,34.9663],[37.3374,34.9653],[37.342,34.9626],[37.3449,34.9619],[37.3486,34.9615],[37.3483,34.9629],[37.351,34.9636],[37.3503,34.971],[37.352,34.9734],[37.3522,34.9752],[37.3514,34.9793],[37.3521,34.9842],[37.359,34.9845],[37.3619,34.9834],[37.3649,34.9808],[37.3677,34.976],[37.3694,34.9743],[37.3712,34.9708],[37.3737,34.9704],[37.3794,34.9712],[37.3834,34.9715],[37.395,34.9734],[37.3984,34.9735],[37.4017,34.9732],[37.4032,34.9728],[37.4085,34.9795],[37.4081,34.9806],[37.4139,34.9824],[37.4147,34.983],[37.4196,34.9835],[37.4307,34.9812],[37.4325,34.9805],[37.4389,34.9814],[37.461,34.9803],[37.4684,34.9795],[37.4712,34.9797],[37.4739,34.9786],[37.4889,34.976],[37.4935,34.9729],[37.4955,34.9701],[37.4954,34.969],[37.4947,34.9682],[37.4981,34.9605],[37.5147,34.9626],[37.4964,35.0178],[37.4992,35.0355],[37.5039,35.0455],[37.5061,35.0483],[37.5119,35.0528],[37.5258,35.0597],[37.5369,35.0641],[37.565,35.0825],[37.5742,35.0866],[37.5793,35.0867],[37.5894,35.0861],[37.6047,35.0883],[37.6542,35.1028],[37.6775,35.1061],[37.6861,35.108],[37.7061,35.1147],[37.7225,35.1164],[37.7386,35.1189],[37.7436,35.1183],[37.7525,35.1142],[37.7636,35.105],[37.7711,35.0972],[37.778,35.0939],[37.7875,35.0922],[37.8025,35.0925],[37.8122,35.0911],[37.8172,35.0883],[37.8211,35.0847],[37.8267,35.0778],[37.8311,35.068],[37.838,35.0622],[37.84,35.0594],[37.8458,35.0414],[37.8469,35.0289],[37.8514,35.0122],[37.8639,35.0019],[37.8691,34.9994],[37.8975,34.9814],[37.93,34.9578],[37.9447,34.9403],[37.9592,34.9269],[37.9664,34.9169],[37.9805,34.9014],[37.9836,34.8989],[37.9878,34.8978],[37.9903,34.8978],[38.0014,34.9022],[38.0089,34.91],[38.0161,34.9155],[38.0208,34.9205],[38.0233,34.9278],[38.0275,34.9336],[38.0297,34.9386],[38.0305,34.9428],[38.0297,34.9555],[38.0303,34.9597],[38.0372,34.97],[38.0422,34.9805],[38.0505,34.9897],[38.0528,35.0042],[38.0569,35.0077],[38.0769,35.0255],[38.083,35.0297],[38.093,35.035],[38.1733,35.0661],[38.2003,35.0747],[38.2286,35.0817],[38.2428,35.0878],[38.243,35.0961],[38.2392,35.1142],[38.2372,35.1292],[38.2375,35.1375],[38.2392,35.1467],[38.2416,35.1547],[38.2461,35.1655],[38.2503,35.1722],[38.2567,35.1811],[38.2764,35.2033],[38.278,35.2069],[38.2825,35.2128],[38.2883,35.2228],[38.295,35.2369],[38.2989,35.2489],[38.3022,35.2714],[38.3036,35.3128],[38.303,35.3328],[38.3017,35.348],[38.3025,35.3528],[38.303,35.3692],[38.3014,35.3764],[38.3013,35.3822],[38.2131,35.3838],[38.2121,35.3841],[38.1617,35.3944],[38.1285,35.4021],[38.1006,35.4077],[38.0681,35.415],[37.9538,35.444],[37.9209,35.4391],[37.8525,35.445],[37.8248,35.4472],[37.8098,35.4479],[37.7851,35.4872],[37.7327,35.4871],[37.7328,35.471],[37.6001,35.4685],[37.4992,35.4767],[37.5011,35.482],[37.4964,35.5062],[37.4849,35.5267],[37.4434,35.5555],[37.4318,35.5592],[37.4187,35.5625],[37.3841,35.5431],[37.3856,35.5378],[37.3865,35.5156],[37.3694,35.5222],[37.3473,35.5141],[37.3364,35.5229],[37.3304,35.5191],[37.3287,35.5189],[37.3281,35.5193],[37.3278,35.521],[37.3264,35.5232],[37.3237,35.5252],[37.3204,35.5272],[37.3165,35.5303],[37.3149,35.531],[37.3239,35.5344],[37.3242,35.5386],[37.3255,35.5485],[37.3215,35.5486],[37.3138,35.5479],[37.3122,35.5474],[37.3047,35.5465],[37.3025,35.5521],[37.3018,35.5551],[37.2881,35.547],[37.2848,35.5464],[37.284,35.5397],[37.27,35.5402],[37.2613,35.5377],[37.2565,35.5393],[37.2511,35.5405],[37.2478,35.5451],[37.2464,35.5478],[37.2451,35.5511],[37.2433,35.5583],[37.2411,35.5619],[37.2347,35.5677],[37.2221,35.5658],[37.22,35.5528],[37.2163,35.5513],[37.2008,35.5467],[37.1944,35.5428],[37.1922,35.5397],[37.1908,35.5305],[37.1844,35.5234],[37.1685,35.5212],[37.1725,35.5075],[37.1652,35.4922],[37.1587,35.479],[37.1547,35.4765],[37.143,35.4657],[37.1218,35.4734],[37.1198,35.4763],[37.117,35.4787],[37.1045,35.4752],[37.1012,35.4652],[37.1031,35.4607],[37.103,35.4573],[37.1024,35.4562],[37.1023,35.4553],[37.1029,35.4535],[37.1063,35.4488],[37.1043,35.4358],[37.0891,35.4266],[37.0826,35.4217],[37.0812,35.4192],[37.0797,35.4179],[37.0749,35.4173],[37.0554,35.4164],[37.0527,35.4174],[37.0457,35.4162],[37.0386,35.4152],[37.0361,35.4159],[37.0347,35.4188],[37.024,35.4176],[37.0155,35.4197],[37.0145,35.4221],[37.0134,35.4237],[37.0119,35.4276],[37.0081,35.431],[37.0057,35.4348],[37.0026,35.4352],[37.0007,35.4317],[37.0018,35.4241],[36.9965,35.4224],[36.9944,35.4222],[36.9923,35.4212],[36.9911,35.4208],[36.9901,35.4207],[36.9887,35.42],[36.988,35.4192],[36.9846,35.4173],[36.984,35.4166],[36.9826,35.416],[36.9816,35.4162],[36.9782,35.4152],[36.9678,35.4111],[36.9657,35.4097],[36.9636,35.4086],[36.9621,35.4075],[36.9592,35.404],[36.9577,35.4025],[36.957,35.4021],[36.9564,35.4014],[36.9562,35.4001],[36.9557,35.3987],[36.9531,35.3946],[36.9541,35.3908],[36.9535,35.3898],[36.9494,35.388],[36.9479,35.3868],[36.9321,35.3892],[36.9292,35.39],[36.9233,35.3899],[36.9195,35.3892],[36.9175,35.3841],[36.9048,35.3805],[36.8989,35.3775],[36.8948,35.377],[36.8895,35.3768],[36.8743,35.377],[36.8744,35.3813],[36.876,35.3814],[36.8769,35.3933],[36.8746,35.3943],[36.8636,35.4005],[36.8508,35.4073],[36.8429,35.4103],[36.8427,35.4117],[36.842,35.413],[36.8379,35.415],[36.8348,35.4177],[36.833,35.4209],[36.8325,35.4237],[36.8312,35.426],[36.8274,35.4266],[36.8086,35.4259],[36.8033,35.424],[36.7991,35.422],[36.7934,35.4188],[36.7919,35.4173],[36.7914,35.4147],[36.7891,35.4136],[36.7447,35.409],[36.744,35.4079],[36.6978,35.4019],[36.6772,35.3991],[36.6782,35.394],[36.6675,35.3924],[36.6496,35.3901],[36.6501,35.3851],[36.6436,35.3835],[36.638,35.3827],[36.6381,35.3831],[36.6386,35.3835],[36.6384,35.386],[36.6367,35.4043],[36.6238,35.4062],[36.5861,35.4058],[36.5764,35.4075],[36.5708,35.4081],[36.5522,35.4064],[36.5367,35.4078],[36.5287,35.4092],[36.5269,35.4139],[36.523,35.4197],[36.527,35.4284],[36.5254,35.4341],[36.5036,35.4403],[36.5031,35.4557],[36.4886,35.4582],[36.474,35.4621],[36.4746,35.4762],[36.4584,35.4781],[36.461,35.5049],[36.4535,35.5066],[36.4265,35.5311],[36.3975,35.5363],[36.3972,35.5419],[36.3992,35.5589],[36.3978,35.5622],[36.3961,35.5647],[36.3987,35.5717],[36.4014,35.6013],[36.3958,35.6139],[36.398,35.6484],[36.3993,35.6651],[36.3864,35.665],[36.3863,35.672],[36.4092,35.6744],[36.4142,35.6842],[36.4156,35.6975],[36.4146,35.7033],[36.3899,35.7175]]]},"properties":{"province_name":"Hamah"}},{"type":"Feature","geometry":{"type":"Polygon","coordinates":[[[36.5764,36.2314],[36.5708,36.2343],[36.5633,36.2366],[36.5625,36.2365],[36.562,36.2362],[36.5602,36.2342],[36.5617,36.2307],[36.5581,36.2272],[36.557,36.2265],[36.5559,36.2255],[36.5538,36.224],[36.5521,36.2247],[36.5513,36.2253],[36.5486,36.2276],[36.5451,36.231],[36.543,36.2332],[36.5412,36.2357],[36.5392,36.238],[36.538,36.2392],[36.5374,36.2403],[36.5359,36.242],[36.5347,36.2439],[36.5343,36.2442],[36.529,36.2426],[36.5262,36.242],[36.5238,36.2429],[36.5194,36.2429],[36.5118,36.2424],[36.5078,36.2404],[36.5055,36.2412],[36.5036,36.2414],[36.503,36.241],[36.5029,36.2376],[36.502,36.2358],[36.5018,36.2318],[36.5016,36.2314],[36.5008,36.2307],[36.5014,36.2296],[36.5012,36.2285],[36.5019,36.2278],[36.5029,36.2272],[36.5033,36.2267],[36.5034,36.2262],[36.4997,36.2235],[36.4925,36.2267],[36.4918,36.2288],[36.4912,36.23],[36.4883,36.2308],[36.4831,36.2328],[36.4857,36.2271],[36.4863,36.2254],[36.4862,36.225],[36.4845,36.2237],[36.4844,36.2234],[36.485,36.2202],[36.4853,36.2197],[36.4863,36.2192],[36.4863,36.2185],[36.4859,36.2182],[36.4763,36.2143],[36.4765,36.2139],[36.4763,36.2124],[36.4758,36.2117],[36.4739,36.2102],[36.4721,36.2079],[36.4737,36.2038],[36.4737,36.2032],[36.4735,36.2017],[36.473,36.2015],[36.4717,36.2014],[36.47,36.2009],[36.4701,36.199],[36.4699,36.1988],[36.4683,36.1975],[36.4675,36.1971],[36.465,36.1966],[36.4649,36.197],[36.4653,36.198],[36.4606,36.1989],[36.4558,36.2025],[36.4556,36.2048],[36.4568,36.2077],[36.4526,36.2073],[36.4498,36.2066],[36.446,36.2061],[36.4407,36.2064],[36.4367,36.2062],[36.4313,36.2069],[36.4288,36.2074],[36.4269,36.2083],[36.4185,36.213],[36.41,36.2174],[36.4014,36.2223],[36.395,36.2252],[36.3893,36.2193],[36.3895,36.2188],[36.3893,36.2183],[36.3886,36.218],[36.3856,36.2181],[36.3839,36.218],[36.3823,36.2173],[36.3813,36.2165],[36.3811,36.2162],[36.3812,36.2156],[36.3816,36.2146],[36.3827,36.2134],[36.3835,36.213],[36.3841,36.2133],[36.3855,36.2151],[36.3863,36.2155],[36.3871,36.2158],[36.3882,36.2158],[36.3892,36.2155],[36.3898,36.2151],[36.3908,36.2134],[36.3909,36.2124],[36.3904,36.2113],[36.3898,36.2106],[36.3892,36.2102],[36.3881,36.2099],[36.3877,36.2094],[36.3875,36.2088],[36.3878,36.2077],[36.3877,36.2069],[36.3879,36.2067],[36.3884,36.2065],[36.3894,36.2069],[36.39,36.2077],[36.3903,36.2088],[36.3904,36.21],[36.3907,36.2105],[36.3911,36.2107],[36.3919,36.2105],[36.393,36.2097],[36.3941,36.2083],[36.3945,36.2069],[36.3952,36.2055],[36.3966,36.2035],[36.3969,36.2023],[36.3968,36.2017],[36.3962,36.2017],[36.3952,36.2026],[36.3946,36.2036],[36.394,36.2042],[36.393,36.2045],[36.3923,36.2042],[36.3916,36.2032],[36.3913,36.2022],[36.3922,36.2005],[36.3923,36.1997],[36.3921,36.1994],[36.3913,36.1989],[36.3909,36.1984],[36.3906,36.1975],[36.3907,36.1968],[36.3912,36.1964],[36.3936,36.1951],[36.3943,36.1949],[36.3949,36.1951],[36.3951,36.1952],[36.3951,36.1955],[36.3938,36.1966],[36.3935,36.197],[36.3933,36.1981],[36.394,36.1993],[36.395,36.1996],[36.396,36.1996],[36.3962,36.1995],[36.3963,36.1991],[36.3954,36.1984],[36.3951,36.1976],[36.3952,36.1971],[36.3954,36.1965],[36.3961,36.1958],[36.3979,36.1953],[36.3997,36.1943],[36.4001,36.1935],[36.4002,36.1927],[36.4001,36.192],[36.3997,36.1908],[36.3986,36.1903],[36.3982,36.1904],[36.3981,36.1907],[36.3985,36.1915],[36.3984,36.1921],[36.3974,36.1925],[36.397,36.1925],[36.3966,36.1923],[36.3965,36.1917],[36.3969,36.1895],[36.3965,36.1883],[36.3959,36.1879],[36.3952,36.1878],[36.3932,36.1883],[36.3916,36.1883],[36.3903,36.1882],[36.389,36.1877],[36.3884,36.1871],[36.388,36.1864],[36.3884,36.1852],[36.3883,36.1846],[36.3876,36.1837],[36.3871,36.1834],[36.3864,36.1834],[36.3857,36.184],[36.3838,36.1843],[36.3827,36.1848],[36.3823,36.1853],[36.3825,36.1858],[36.383,36.1863],[36.3837,36.1866],[36.3858,36.1867],[36.3865,36.187],[36.387,36.1874],[36.3873,36.1883],[36.3871,36.1889],[36.3861,36.1893],[36.3847,36.1893],[36.3814,36.1884],[36.3808,36.188],[36.3805,36.1874],[36.3805,36.1868],[36.3814,36.1849],[36.3816,36.1841],[36.3814,36.1836],[36.3805,36.1828],[36.3801,36.1826],[36.3797,36.1826],[36.3789,36.1831],[36.3781,36.184],[36.3775,36.184],[36.3768,36.1822],[36.376,36.1816],[36.3742,36.1808],[36.3736,36.18],[36.3732,36.1791],[36.3725,36.1784],[36.3721,36.1785],[36.3715,36.1795],[36.3706,36.18],[36.3695,36.1802],[36.3686,36.1801],[36.368,36.1798],[36.3677,36.179],[36.3678,36.1779],[36.3705,36.1762],[36.3721,36.1745],[36.3731,36.1731],[36.3741,36.1726],[36.3743,36.1722],[36.3742,36.1709],[36.3737,36.1702],[36.3729,36.1698],[36.3725,36.17],[36.3722,36.1708],[36.3716,36.1713],[36.3711,36.1714],[36.3702,36.1714],[36.3699,36.1711],[36.3699,36.1696],[36.3693,36.1687],[36.3682,36.168],[36.3674,36.1681],[36.3667,36.1683],[36.366,36.1682],[36.3653,36.167],[36.3655,36.1667],[36.3659,36.1663],[36.3667,36.1662],[36.3685,36.1662],[36.3689,36.1658],[36.369,36.1645],[36.368,36.1631],[36.3677,36.1611],[36.3672,36.1602],[36.3672,36.1598],[36.3675,36.1594],[36.3682,36.1591],[36.3698,36.159],[36.3704,36.1588],[36.3718,36.1574],[36.3728,36.1569],[36.3736,36.1568],[36.3753,36.1573],[36.3762,36.1574],[36.3767,36.1572],[36.3777,36.1561],[36.3793,36.1558],[36.3805,36.1552],[36.3807,36.1544],[36.3806,36.1537],[36.3798,36.153],[36.379,36.1529],[36.3766,36.1531],[36.376,36.1528],[36.3768,36.1509],[36.3771,36.1494],[36.3785,36.1475],[36.3793,36.147],[36.3798,36.1471],[36.3801,36.1472],[36.3814,36.1487],[36.3826,36.1493],[36.3835,36.1493],[36.3841,36.149],[36.385,36.1477],[36.3857,36.1472],[36.3872,36.1465],[36.3886,36.1464],[36.3889,36.1459],[36.3887,36.1442],[36.3885,36.1439],[36.3879,36.1439],[36.3865,36.1444],[36.386,36.1441],[36.3858,36.1436],[36.386,36.1431],[36.3877,36.1417],[36.3879,36.1411],[36.3879,36.1409],[36.3874,36.1405],[36.3853,36.1406],[36.3843,36.1402],[36.3841,36.1395],[36.3843,36.1383],[36.3842,36.1376],[36.3839,36.1371],[36.3827,36.136],[36.3823,36.1353],[36.3822,36.1344],[36.3828,36.1332],[36.3822,36.1325],[36.3822,36.1322],[36.384,36.1311],[36.3841,36.1307],[36.3835,36.1304],[36.3817,36.1311],[36.3806,36.131],[36.3791,36.1305],[36.3784,36.1296],[36.3777,36.1292],[36.375,36.1285],[36.3747,36.1282],[36.3747,36.1278],[36.3753,36.1273],[36.377,36.1265],[36.3778,36.1257],[36.3779,36.1253],[36.3771,36.1251],[36.3745,36.125],[36.3737,36.1246],[36.3725,36.1239],[36.3715,36.1223],[36.3716,36.1216],[36.3721,36.1214],[36.3739,36.1217],[36.3763,36.1226],[36.3774,36.1225],[36.378,36.1215],[36.3782,36.119],[36.3786,36.1184],[36.3796,36.1179],[36.3798,36.1163],[36.3797,36.1158],[36.3792,36.1154],[36.3787,36.1153],[36.3785,36.1154],[36.3781,36.1168],[36.3773,36.118],[36.3765,36.1185],[36.3757,36.1187],[36.3742,36.1187],[36.3727,36.1184],[36.3709,36.1175],[36.3703,36.1168],[36.3703,36.1163],[36.3705,36.1161],[36.373,36.1153],[36.3744,36.1143],[36.3748,36.1133],[36.3754,36.1109],[36.3752,36.1104],[36.3746,36.11],[36.3749,36.1094],[36.3752,36.1093],[36.3758,36.1093],[36.3784,36.1108],[36.3794,36.1108],[36.3805,36.1103],[36.3814,36.1088],[36.3817,36.1073],[36.3815,36.1069],[36.3811,36.1065],[36.3807,36.1064],[36.3785,36.1069],[36.3778,36.1068],[36.3762,36.1065],[36.3753,36.1059],[36.3748,36.1052],[36.3746,36.1044],[36.3747,36.1037],[36.3752,36.1029],[36.3756,36.1028],[36.3769,36.1028],[36.3785,36.1019],[36.3792,36.102],[36.3798,36.1028],[36.3799,36.104],[36.3801,36.1046],[36.3807,36.105],[36.3811,36.1052],[36.3826,36.1047],[36.385,36.1033],[36.3857,36.1026],[36.3858,36.102],[36.3856,36.1003],[36.3864,36.0963],[36.3861,36.0951],[36.3853,36.0945],[36.3845,36.0945],[36.3837,36.0951],[36.3832,36.0957],[36.3823,36.0979],[36.3819,36.0985],[36.3808,36.0994],[36.3796,36.0998],[36.378,36.0998],[36.3769,36.0995],[36.3766,36.0989],[36.3774,36.0972],[36.3777,36.0953],[36.3781,36.0944],[36.3787,36.0938],[36.3808,36.0921],[36.3818,36.0901],[36.3834,36.0889],[36.3846,36.0874],[36.3873,36.0854],[36.3885,36.084],[36.3894,36.0833],[36.3901,36.082],[36.3887,36.0785],[36.3882,36.0782],[36.3865,36.078],[36.386,36.0776],[36.3862,36.0771],[36.3872,36.0762],[36.3872,36.0757],[36.3866,36.0748],[36.3858,36.0743],[36.3845,36.0741],[36.3837,36.0743],[36.3836,36.0748],[36.383,36.0752],[36.3824,36.0752],[36.3815,36.075],[36.3811,36.0748],[36.3804,36.074],[36.3793,36.0733],[36.3785,36.072],[36.3786,36.0716],[36.3795,36.0712],[36.38,36.0706],[36.3799,36.0702],[36.3792,36.0692],[36.3791,36.0683],[36.3807,36.0662],[36.3809,36.0655],[36.3807,36.065],[36.3793,36.0638],[36.379,36.0626],[36.3793,36.0616],[36.3802,36.0607],[36.3809,36.0597],[36.381,36.0587],[36.3807,36.0577],[36.3801,36.0574],[36.379,36.0573],[36.3787,36.0569],[36.3788,36.0566],[36.3796,36.0559],[36.3815,36.0549],[36.384,36.0538],[36.3867,36.053],[36.3871,36.0524],[36.3864,36.051],[36.3861,36.0495],[36.3854,36.0495],[36.3845,36.0502],[36.3833,36.0506],[36.3829,36.0504],[36.3815,36.0492],[36.3803,36.0488],[36.3792,36.0487],[36.3788,36.0486],[36.3787,36.0482],[36.3788,36.0478],[36.3798,36.0461],[36.3797,36.0447],[36.38,36.0442],[36.3804,36.0438],[36.3827,36.0441],[36.3848,36.044],[36.3861,36.0439],[36.3873,36.0435],[36.3881,36.0431],[36.3894,36.0422],[36.3897,36.0419],[36.3899,36.0409],[36.3897,36.0402],[36.3892,36.0397],[36.3859,36.039],[36.3843,36.0384],[36.3811,36.0382],[36.3804,36.0378],[36.3799,36.0373],[36.3796,36.0365],[36.3805,36.0353],[36.3807,36.0348],[36.3805,36.0344],[36.3799,36.0336],[36.3786,36.0331],[36.3778,36.0326],[36.3773,36.0318],[36.3775,36.0314],[36.3794,36.0305],[36.3796,36.0301],[36.3797,36.0292],[36.3767,36.028],[36.3741,36.0263],[36.3724,36.0257],[36.3715,36.0248],[36.3716,36.0245],[36.3731,36.0235],[36.3735,36.0228],[36.3732,36.0222],[36.3722,36.0213],[36.3722,36.0206],[36.3717,36.0204],[36.3699,36.0204],[36.3696,36.0201],[36.3696,36.0196],[36.37,36.0194],[36.3706,36.0194],[36.3748,36.0197],[36.3758,36.0192],[36.3765,36.0182],[36.3766,36.0174],[36.376,36.0165],[36.3745,36.0153],[36.374,36.0143],[36.3743,36.0135],[36.3762,36.0116],[36.3728,36.007],[36.3707,36.0052],[36.3684,36.0031],[36.3665,36.0017],[36.3648,36.0009],[36.359,35.9977],[36.3572,35.9965],[36.356,35.996],[36.3545,35.9952],[36.3536,35.9943],[36.3528,35.9939],[36.3491,35.992],[36.346,35.9909],[36.3456,35.9899],[36.3453,35.9896],[36.3425,35.9884],[36.3407,35.9885],[36.3396,35.9881],[36.3355,35.9885],[36.3342,35.9888],[36.3319,35.9896],[36.3306,35.9906],[36.3295,35.992],[36.328,35.993],[36.3256,35.9953],[36.3238,35.9963],[36.3237,35.9974],[36.3213,35.9997],[36.32,36.0006],[36.3193,36.001],[36.3177,36.0014],[36.3149,36.0025],[36.3118,36.0025],[36.3068,36.0042],[36.3064,36.0044],[36.3064,36.0047],[36.3074,36.0052],[36.3075,36.0055],[36.3066,36.0063],[36.3049,36.0066],[36.3029,36.0064],[36.301,36.0083],[36.3005,36.0085],[36.3002,36.0085],[36.2993,36.0078],[36.2978,36.0071],[36.2958,36.0077],[36.294,36.0085],[36.293,36.0083],[36.2907,36.0083],[36.2904,36.0081],[36.2903,36.0077],[36.2908,36.0073],[36.2914,36.0064],[36.2915,36.0055],[36.2905,36.0041],[36.2889,36.0034],[36.2881,36.0033],[36.2873,36.0037],[36.2868,36.0037],[36.2866,36.0034],[36.286,36.0025],[36.286,36.0019],[36.2869,36.0006],[36.2882,35.9993],[36.2881,35.999],[36.2876,35.9986],[36.2857,35.9979],[36.2855,35.9975],[36.2871,35.9952],[36.2873,35.9942],[36.2872,35.9939],[36.2862,35.9935],[36.2862,35.9932],[36.2864,35.9931],[36.2875,35.9933],[36.2882,35.9922],[36.2881,35.9904],[36.2876,35.9902],[36.2867,35.9903],[36.2863,35.9901],[36.2876,35.9883],[36.2875,35.9878],[36.2869,35.9866],[36.2869,35.9852],[36.2881,35.9828],[36.2886,35.9809],[36.2895,35.98],[36.2899,35.9791],[36.2902,35.9778],[36.2902,35.9753],[36.2907,35.9745],[36.2921,35.9734],[36.2931,35.9713],[36.2937,35.971],[36.2954,35.9703],[36.2959,35.97],[36.2972,35.9683],[36.2972,35.9668],[36.2989,35.9651],[36.2994,35.9638],[36.2992,35.9616],[36.2975,35.9585],[36.2957,35.9564],[36.2948,35.9547],[36.2943,35.9545],[36.2927,35.9545],[36.2912,35.954],[36.288,35.9522],[36.2878,35.952],[36.2879,35.9517],[36.2886,35.9509],[36.2886,35.9506],[36.2883,35.9505],[36.2878,35.9504],[36.2854,35.9508],[36.2845,35.9505],[36.283,35.9495],[36.2813,35.9494],[36.2799,35.9496],[36.2785,35.9494],[36.277,35.9487],[36.2764,35.9481],[36.2758,35.9469],[36.2754,35.9467],[36.2741,35.9476],[36.2708,35.9482],[36.2699,35.9487],[36.2692,35.9496],[36.2688,35.9511],[36.2673,35.9517],[36.2674,35.9532],[36.2663,35.9551],[36.2627,35.9592],[36.2615,35.9605],[36.2607,35.9611],[36.2598,35.9615],[36.2547,35.9627],[36.2493,35.962],[36.2465,35.9616],[36.2454,35.9608],[36.2438,35.9603],[36.2435,35.96],[36.2434,35.9593],[36.244,35.9582],[36.2442,35.9565],[36.2446,35.9559],[36.2441,35.9549],[36.2441,35.9538],[36.2439,35.9535],[36.2433,35.9536],[36.242,35.9544],[36.2417,35.9533],[36.2415,35.9529],[36.2412,35.9528],[36.241,35.9541],[36.2411,35.955],[36.2409,35.9553],[36.2397,35.9556],[36.239,35.9552],[36.2383,35.9552],[36.2373,35.955],[36.2368,35.9556],[36.237,35.9563],[36.2367,35.9565],[36.2341,35.9546],[36.2336,35.9537],[36.233,35.9533],[36.2321,35.9538],[36.2308,35.9551],[36.2302,35.9563],[36.2293,35.9564],[36.2281,35.9561],[36.2278,35.9559],[36.2278,35.9556],[36.2285,35.9547],[36.2278,35.9535],[36.2274,35.9531],[36.2259,35.953],[36.2256,35.9521],[36.2251,35.9519],[36.2237,35.9522],[36.2231,35.9522],[36.2221,35.9513],[36.2217,35.9511],[36.2199,35.9517],[36.2193,35.9517],[36.2185,35.9511],[36.218,35.9503],[36.2176,35.95],[36.217,35.9502],[36.2167,35.9507],[36.2173,35.9526],[36.2169,35.953],[36.216,35.9525],[36.215,35.9516],[36.2145,35.9513],[36.2141,35.9514],[36.2134,35.9517],[36.2126,35.9519],[36.2119,35.9517],[36.2088,35.952],[36.2075,35.9519],[36.207,35.9517],[36.2047,35.9496],[36.2035,35.9498],[36.2006,35.9483],[36.1995,35.9482],[36.1991,35.9486],[36.1986,35.9485],[36.1975,35.9478],[36.1966,35.9465],[36.1952,35.9452],[36.1941,35.9449],[36.1938,35.9442],[36.1929,35.9437],[36.1924,35.943],[36.1907,35.9416],[36.1906,35.941],[36.1885,35.94],[36.1868,35.9389],[36.1866,35.9369],[36.186,35.9363],[36.1843,35.934],[36.1834,35.9334],[36.1813,35.9323],[36.1813,35.932],[36.1816,35.9315],[36.1814,35.9308],[36.1818,35.9303],[36.1818,35.9299],[36.1816,35.9296],[36.1804,35.9284],[36.1797,35.9271],[36.1803,35.9258],[36.1803,35.9255],[36.1795,35.9251],[36.179,35.9245],[36.1777,35.9239],[36.1759,35.921],[36.175,35.9157],[36.1745,35.9143],[36.1742,35.9111],[36.1743,35.9049],[36.1748,35.9037],[36.1743,35.9015],[36.1746,35.8968],[36.1743,35.8933],[36.1721,35.8892],[36.1715,35.8884],[36.1709,35.888],[36.1718,35.8883],[36.1722,35.888],[36.1718,35.8864],[36.1714,35.8859],[36.1713,35.8853],[36.1705,35.8851],[36.169,35.884],[36.1687,35.8828],[36.1689,35.8826],[36.1705,35.8818],[36.1706,35.8815],[36.1704,35.8808],[36.1705,35.8806],[36.1713,35.8803],[36.1729,35.8792],[36.173,35.8784],[36.1727,35.877],[36.1735,35.8748],[36.1748,35.8727],[36.1753,35.8704],[36.1759,35.8681],[36.175,35.8652],[36.175,35.864],[36.1745,35.8636],[36.1742,35.8629],[36.1739,35.861],[36.1743,35.8601],[36.1742,35.859],[36.1731,35.8549],[36.1722,35.853],[36.1718,35.8499],[36.1719,35.8495],[36.1724,35.849],[36.1756,35.8475],[36.1762,35.8471],[36.1763,35.8468],[36.1762,35.8465],[36.1753,35.8451],[36.173,35.8401],[36.1735,35.8376],[36.1742,35.8357],[36.174,35.8351],[36.1733,35.8343],[36.1733,35.8329],[36.1723,35.8298],[36.1723,35.8283],[36.1732,35.8276],[36.1732,35.8267],[36.1725,35.8262],[36.1713,35.8259],[36.1709,35.8259],[36.1699,35.8263],[36.1691,35.8261],[36.1686,35.8255],[36.1684,35.8248],[36.1681,35.8243],[36.1677,35.824],[36.1668,35.8238],[36.1664,35.8233],[36.1664,35.8228],[36.1668,35.8215],[36.1667,35.8207],[36.1653,35.8183],[36.1656,35.818],[36.1664,35.8177],[36.1667,35.8167],[36.1668,35.8154],[36.166,35.8141],[36.1666,35.8132],[36.1664,35.8126],[36.1651,35.8122],[36.1636,35.8115],[36.1629,35.8115],[36.1622,35.8112],[36.1597,35.8101],[36.158,35.8099],[36.1576,35.8096],[36.1574,35.8088],[36.1566,35.8078],[36.1554,35.8071],[36.1543,35.8069],[36.1537,35.8065],[36.1525,35.8059],[36.152,35.8061],[36.1511,35.8071],[36.1503,35.8077],[36.1498,35.8087],[36.1497,35.8065],[36.1491,35.8029],[36.1486,35.8014],[36.1492,35.7978],[36.1534,35.7879],[36.1558,35.787],[36.1617,35.7867],[36.1853,35.7724],[36.1957,35.7667],[36.2045,35.7559],[36.2202,35.7564],[36.2542,35.7536],[36.2617,35.7458],[36.2686,35.7419],[36.2808,35.7375],[36.2955,35.7372],[36.296,35.7503],[36.2991,35.75],[36.3061,35.7481],[36.3133,35.7453],[36.3156,35.7462],[36.3157,35.749],[36.3152,35.7595],[36.3196,35.7619],[36.3214,35.7615],[36.34,35.7484],[36.3395,35.7469],[36.3366,35.7452],[36.3362,35.7442],[36.3403,35.7394],[36.3469,35.7189],[36.35,35.7167],[36.3544,35.7153],[36.372,35.7155],[36.3796,35.7046],[36.3895,35.7081],[36.3853,35.7166],[36.3899,35.7175],[36.4146,35.7033],[36.4156,35.6975],[36.4142,35.6842],[36.4092,35.6744],[36.3863,35.672],[36.3864,35.665],[36.3993,35.6651],[36.398,35.6484],[36.3958,35.6139],[36.4014,35.6013],[36.3987,35.5717],[36.3961,35.5647],[36.3978,35.5622],[36.3992,35.5589],[36.3972,35.5419],[36.3975,35.5363],[36.4265,35.5311],[36.4535,35.5066],[36.461,35.5049],[36.4584,35.4781],[36.4746,35.4762],[36.474,35.4621],[36.4886,35.4582],[36.5031,35.4557],[36.5036,35.4403],[36.5254,35.4341],[36.527,35.4284],[36.523,35.4197],[36.5269,35.4139],[36.5287,35.4092],[36.5367,35.4078],[36.5522,35.4064],[36.5708,35.4081],[36.5764,35.4075],[36.5861,35.4058],[36.6238,35.4062],[36.6367,35.4043],[36.6384,35.386],[36.6386,35.3835],[36.6381,35.3831],[36.638,35.3827],[36.6436,35.3835],[36.6501,35.3851],[36.6496,35.3901],[36.6675,35.3924],[36.6782,35.394],[36.6772,35.3991],[36.6978,35.4019],[36.744,35.4079],[36.7447,35.409],[36.7891,35.4136],[36.7914,35.4147],[36.7919,35.4173],[36.7934,35.4188],[36.7991,35.422],[36.8033,35.424],[36.8086,35.4259],[36.8274,35.4266],[36.8312,35.426],[36.8325,35.4237],[36.833,35.4209],[36.8348,35.4177],[36.8379,35.415],[36.842,35.413],[36.8427,35.4117],[36.8429,35.4103],[36.8508,35.4073],[36.8636,35.4005],[36.8746,35.3943],[36.8769,35.3933],[36.876,35.3814],[36.8744,35.3813],[36.8743,35.377],[36.8895,35.3768],[36.8948,35.377],[36.8989,35.3775],[36.9048,35.3805],[36.9175,35.3841],[36.9195,35.3892],[36.9233,35.3899],[36.9292,35.39],[36.9321,35.3892],[36.9479,35.3868],[36.9494,35.388],[36.9535,35.3898],[36.9541,35.3908],[36.9531,35.3946],[36.9557,35.3987],[36.9562,35.4001],[36.9564,35.4014],[36.957,35.4021],[36.9577,35.4025],[36.9592,35.404],[36.9621,35.4075],[36.9636,35.4086],[36.9657,35.4097],[36.9678,35.4111],[36.9782,35.4152],[36.9816,35.4162],[36.9826,35.416],[36.984,35.4166],[36.9846,35.4173],[36.988,35.4192],[36.9887,35.42],[36.9901,35.4207],[36.9911,35.4208],[36.9923,35.4212],[36.9944,35.4222],[36.9965,35.4224],[37.0018,35.4241],[37.0007,35.4317],[37.0026,35.4352],[37.0057,35.4348],[37.0081,35.431],[37.0119,35.4276],[37.0134,35.4237],[37.0145,35.4221],[37.0155,35.4197],[37.024,35.4176],[37.0347,35.4188],[37.0361,35.4159],[37.0386,35.4152],[37.0457,35.4162],[37.0527,35.4174],[37.0554,35.4164],[37.0749,35.4173],[37.0797,35.4179],[37.0812,35.4192],[37.0826,35.4217],[37.0891,35.4266],[37.1043,35.4358],[37.1063,35.4488],[37.1029,35.4535],[37.1023,35.4553],[37.1024,35.4562],[37.103,35.4573],[37.1031,35.4607],[37.1012,35.4652],[37.1045,35.4752],[37.117,35.4787],[37.1198,35.4763],[37.1218,35.4734],[37.143,35.4657],[37.1547,35.4765],[37.1587,35.479],[37.1652,35.4922],[37.1725,35.5075],[37.1685,35.5212],[37.1844,35.5234],[37.1908,35.5305],[37.1922,35.5397],[37.1944,35.5428],[37.2008,35.5467],[37.2163,35.5513],[37.2125,35.5525],[37.2152,35.5634],[37.2132,35.5674],[37.1839,35.5633],[37.1812,35.5591],[37.1742,35.5653],[37.1703,35.5669],[37.1672,35.5692],[37.1656,35.5719],[37.1578,35.5797],[37.1514,35.5842],[37.1336,35.5892],[37.1261,35.5928],[37.1123,35.5916],[37.1098,35.5926],[37.1189,35.6006],[37.1162,35.6047],[37.1423,35.6236],[37.128,35.6295],[37.124,35.6403],[37.1264,35.645],[37.1303,35.6534],[37.1241,35.6553],[37.1141,35.6598],[37.1208,35.6728],[37.1037,35.6774],[37.0992,35.681],[37.081,35.6858],[37.0806,35.6906],[37.0875,35.6989],[37.1014,35.704],[37.1076,35.7079],[37.1189,35.7268],[37.0755,35.7287],[37.0753,35.741],[37.0977,35.7421],[37.1205,35.756],[37.1039,35.7662],[37.1218,35.7865],[37.1412,35.782],[37.144,35.8068],[37.1126,35.8109],[37.1179,35.8334],[37.0983,35.8355],[37.0791,35.8193],[37.0668,35.8285],[37.0719,35.8355],[37.0674,35.837],[37.0555,35.834],[37.031,35.8412],[37.0242,35.8224],[37.0073,35.825],[36.9789,35.8078],[36.9732,35.8177],[36.9869,35.8397],[36.9814,35.8444],[36.9708,35.8503],[36.9692,35.8531],[36.9675,35.8686],[36.9664,35.8719],[36.9589,35.8794],[36.9469,35.8813],[36.943,35.8846],[36.9475,35.8969],[36.9461,35.9003],[36.9402,35.9065],[36.9329,35.905],[36.9147,35.9048],[36.8988,35.9409],[36.8805,35.9352],[36.8676,35.9538],[36.8649,35.966],[36.8638,35.9794],[36.8547,35.9934],[36.8625,36.0108],[36.8642,36.0204],[36.8687,36.0266],[36.872,36.0326],[36.8732,36.0357],[36.8725,36.0392],[36.8708,36.0408],[36.8522,36.0497],[36.8478,36.0508],[36.8442,36.0528],[36.8086,36.063],[36.7831,36.0717],[36.755,36.0869],[36.7494,36.0917],[36.7489,36.0956],[36.7497,36.1],[36.7478,36.1072],[36.7361,36.1161],[36.7322,36.1178],[36.725,36.119],[36.7144,36.1272],[36.7135,36.13],[36.7104,36.1331],[36.7081,36.1364],[36.7041,36.1373],[36.7033,36.14],[36.7049,36.1423],[36.7114,36.1493],[36.7283,36.1557],[36.7345,36.1583],[36.7398,36.1627],[36.7476,36.1619],[36.7559,36.1613],[36.7607,36.1635],[36.7638,36.1691],[36.7714,36.1796],[36.7735,36.1857],[36.7661,36.1917],[36.7679,36.1942],[36.7715,36.1942],[36.7811,36.2055],[36.7994,36.2122],[36.8258,36.2097],[36.8364,36.2197],[36.8442,36.2328],[36.8436,36.2406],[36.84,36.2467],[36.8331,36.2505],[36.8275,36.2553],[36.8228,36.2608],[36.8172,36.2697],[36.8097,36.2772],[36.8055,36.2828],[36.7961,36.2892],[36.785,36.2944],[36.7786,36.2989],[36.7756,36.3053],[36.7753,36.3172],[36.7714,36.331],[36.7713,36.3351],[36.7623,36.3429],[36.749,36.3416],[36.7447,36.3399],[36.7489,36.3298],[36.7526,36.3195],[36.752,36.3193],[36.7458,36.32],[36.7265,36.3194],[36.7066,36.3206],[36.6982,36.3236],[36.6764,36.324],[36.6645,36.3259],[36.6626,36.3249],[36.6619,36.3251],[36.6609,36.3236],[36.6581,36.3212],[36.6557,36.3188],[36.6521,36.3139],[36.6522,36.3123],[36.6529,36.3104],[36.6525,36.306],[36.6532,36.3011],[36.6536,36.2979],[36.6543,36.297],[36.6575,36.2963],[36.6617,36.2962],[36.6633,36.2964],[36.6698,36.2966],[36.6748,36.295],[36.6812,36.2937],[36.6843,36.2924],[36.6862,36.2924],[36.6891,36.2927],[36.6921,36.2926],[36.6924,36.2904],[36.6901,36.2901],[36.6889,36.2894],[36.6878,36.2883],[36.6877,36.2874],[36.6871,36.2865],[36.6851,36.2845],[36.6841,36.2842],[36.6838,36.284],[36.6822,36.2815],[36.6816,36.2798],[36.6809,36.2786],[36.6801,36.2781],[36.6789,36.2779],[36.6784,36.2775],[36.6782,36.2771],[36.6798,36.2767],[36.6808,36.2756],[36.6811,36.2742],[36.6806,36.2719],[36.6809,36.2712],[36.6844,36.2683],[36.6869,36.2666],[36.6882,36.2652],[36.6885,36.2636],[36.6891,36.2627],[36.6897,36.2621],[36.6971,36.2572],[36.6974,36.255],[36.6981,36.2532],[36.6991,36.2526],[36.7014,36.2524],[36.7014,36.2523],[36.7003,36.2514],[36.6983,36.2514],[36.6981,36.2511],[36.6994,36.2504],[36.7014,36.2498],[36.7028,36.2492],[36.7039,36.2487],[36.7045,36.2482],[36.7047,36.2478],[36.7046,36.2471],[36.7049,36.2453],[36.7047,36.2444],[36.7042,36.2433],[36.7023,36.2428],[36.6991,36.2424],[36.6966,36.2416],[36.6948,36.2407],[36.6941,36.2406],[36.6952,36.2398],[36.6952,36.2395],[36.6951,36.2393],[36.6891,36.2384],[36.6866,36.2386],[36.6844,36.2383],[36.6833,36.238],[36.6823,36.2372],[36.681,36.2338],[36.6809,36.2335],[36.6812,36.2334],[36.6811,36.233],[36.6807,36.2332],[36.6805,36.2328],[36.6797,36.2331],[36.6789,36.2332],[36.6769,36.2317],[36.6762,36.2318],[36.6743,36.2334],[36.6738,36.234],[36.6735,36.2351],[36.6731,36.2355],[36.6718,36.2355],[36.6704,36.2349],[36.6662,36.2347],[36.6658,36.2344],[36.6656,36.2339],[36.6656,36.232],[36.6658,36.2314],[36.6665,36.2307],[36.6671,36.2296],[36.6672,36.2289],[36.6669,36.2286],[36.6643,36.2275],[36.6624,36.227],[36.6612,36.2271],[36.66,36.2275],[36.6578,36.2278],[36.6566,36.2284],[36.6558,36.2292],[36.6532,36.2309],[36.6494,36.2319],[36.6463,36.2335],[36.6413,36.2332],[36.6402,36.2323],[36.64,36.2317],[36.641,36.2308],[36.6421,36.2302],[36.6421,36.2297],[36.6407,36.2296],[36.6392,36.229],[36.6354,36.2296],[36.6323,36.2307],[36.6304,36.2312],[36.6276,36.2312],[36.6262,36.227],[36.626,36.225],[36.6269,36.224],[36.6287,36.224],[36.6276,36.221],[36.6286,36.2193],[36.6286,36.2188],[36.6283,36.2185],[36.6266,36.2178],[36.6256,36.217],[36.6253,36.2163],[36.6251,36.2147],[36.6248,36.2144],[36.6185,36.2155],[36.6166,36.2156],[36.615,36.2159],[36.6078,36.2187],[36.6028,36.2202],[36.6014,36.2209],[36.6024,36.2217],[36.6022,36.222],[36.6007,36.2224],[36.5986,36.2232],[36.5959,36.225],[36.5902,36.2268],[36.5888,36.2266],[36.5871,36.226],[36.586,36.226],[36.5848,36.2257],[36.5826,36.2263],[36.5812,36.2272],[36.5788,36.2294],[36.5775,36.2308],[36.5764,36.2314]]]},"properties":{"province_name":"Idlib"}},{"type":"Feature","geometry":{"type":"Polygon","coordinates":[[[36.3487,33.5195],[36.3486,33.5206],[36.35,33.5206],[36.3505,33.5209],[36.3498,33.5224],[36.3496,33.5235],[36.3502,33.5238],[36.3498,33.525],[36.3491,33.525],[36.3482,33.5268],[36.3437,33.5257],[36.344,33.5266],[36.3531,33.5456],[36.354,33.549],[36.3547,33.5524],[36.3559,33.5567],[36.3551,33.5565],[36.354,33.5566],[36.3508,33.5581],[36.3479,33.558],[36.3451,33.5581],[36.3434,33.5586],[36.3397,33.5591],[36.3378,33.5589],[36.3362,33.5589],[36.3344,33.5648],[36.3326,33.5639],[36.3305,33.5633],[36.3301,33.5634],[36.3301,33.5636],[36.3304,33.5651],[36.3294,33.5645],[36.3289,33.5639],[36.3282,33.5637],[36.3272,33.5642],[36.326,33.5643],[36.3252,33.5641],[36.3259,33.5646],[36.3257,33.5654],[36.3261,33.5659],[36.3268,33.5663],[36.327,33.5671],[36.3255,33.5678],[36.324,33.5691],[36.3236,33.5693],[36.3224,33.5686],[36.3207,33.568],[36.3206,33.5685],[36.3203,33.569],[36.3203,33.5692],[36.321,33.5689],[36.3214,33.5692],[36.3227,33.571],[36.3222,33.5716],[36.3214,33.5718],[36.3191,33.5707],[36.3183,33.5706],[36.3173,33.5714],[36.316,33.571],[36.3157,33.5706],[36.3153,33.5704],[36.3141,33.5702],[36.3141,33.5698],[36.3144,33.5695],[36.3158,33.569],[36.3158,33.5688],[36.314,33.5678],[36.3137,33.5674],[36.3136,33.5669],[36.3138,33.5662],[36.3154,33.5652],[36.3152,33.5651],[36.2884,33.5639],[36.2873,33.564],[36.2848,33.5627],[36.2837,33.5624],[36.2804,33.5636],[36.2796,33.5624],[36.2775,33.5599],[36.2764,33.5581],[36.2754,33.5573],[36.2748,33.5565],[36.2738,33.5559],[36.2727,33.5557],[36.2721,33.5559],[36.2699,33.5579],[36.2627,33.5547],[36.2502,33.5501],[36.2479,33.5486],[36.2474,33.548],[36.2471,33.5479],[36.2448,33.5474],[36.2433,33.5474],[36.2421,33.5471],[36.2418,33.547],[36.2409,33.5459],[36.239,33.5461],[36.2315,33.5419],[36.2313,33.5424],[36.2312,33.5436],[36.2308,33.5445],[36.2288,33.5459],[36.2277,33.5464],[36.227,33.5464],[36.2266,33.5462],[36.2259,33.5455],[36.2253,33.5446],[36.2245,33.5446],[36.2232,33.5451],[36.2231,33.545],[36.2228,33.543],[36.223,33.5421],[36.2223,33.5415],[36.2222,33.541],[36.2231,33.5404],[36.2231,33.54],[36.2226,33.5396],[36.2217,33.5394],[36.2206,33.5385],[36.2188,33.5382],[36.218,33.5378],[36.2174,33.5373],[36.2171,33.5375],[36.2165,33.5375],[36.2149,33.5369],[36.2145,33.537],[36.2139,33.5384],[36.2124,33.5393],[36.2112,33.5373],[36.209,33.535],[36.2064,33.5347],[36.2045,33.5342],[36.204,33.5339],[36.2038,33.5326],[36.2032,33.5319],[36.2036,33.5315],[36.2028,33.5306],[36.2049,33.5296],[36.2024,33.5288],[36.1972,33.5251],[36.1992,33.5146],[36.2086,33.516],[36.2093,33.5118],[36.2103,33.486],[36.2051,33.4856],[36.208,33.4817],[36.2097,33.479],[36.2088,33.4781],[36.2069,33.4741],[36.2059,33.4731],[36.2072,33.4716],[36.2063,33.4702],[36.207,33.4693],[36.209,33.4697],[36.2144,33.4702],[36.2188,33.4724],[36.2223,33.4683],[36.2263,33.47],[36.2251,33.4717],[36.2251,33.4719],[36.2275,33.4727],[36.2299,33.4716],[36.2323,33.4733],[36.2317,33.4741],[36.2318,33.4744],[36.2353,33.4757],[36.2357,33.4757],[36.2362,33.476],[36.237,33.4757],[36.238,33.4757],[36.2385,33.4762],[36.238,33.4783],[36.24,33.4792],[36.2415,33.4793],[36.2433,33.48],[36.2471,33.4764],[36.247,33.4762],[36.2471,33.4761],[36.2473,33.4762],[36.2653,33.4698],[36.2663,33.4685],[36.2719,33.4699],[36.2726,33.4705],[36.276,33.4741],[36.2789,33.4758],[36.2791,33.4753],[36.2801,33.474],[36.2775,33.4652],[36.2779,33.4651],[36.2782,33.4648],[36.2793,33.463],[36.2802,33.462],[36.281,33.4614],[36.2812,33.4619],[36.2832,33.4612],[36.2825,33.4594],[36.2828,33.4586],[36.284,33.4588],[36.2845,33.4587],[36.2854,33.459],[36.287,33.4593],[36.2882,33.46],[36.289,33.4601],[36.2902,33.46],[36.2911,33.4605],[36.2933,33.4613],[36.2948,33.4616],[36.2955,33.462],[36.2964,33.462],[36.2974,33.4624],[36.2978,33.4624],[36.2991,33.4613],[36.2989,33.462],[36.2985,33.463],[36.2974,33.4643],[36.296,33.4651],[36.2971,33.4671],[36.2979,33.4673],[36.2985,33.4681],[36.2993,33.4676],[36.3002,33.4674],[36.3032,33.4674],[36.3038,33.4647],[36.3066,33.4653],[36.3071,33.4652],[36.3088,33.463],[36.3107,33.4614],[36.3137,33.4619],[36.3144,33.4629],[36.3143,33.4639],[36.315,33.4663],[36.315,33.4682],[36.3154,33.4704],[36.3138,33.4713],[36.3137,33.4716],[36.3173,33.4695],[36.3181,33.4693],[36.3187,33.4693],[36.3179,33.4722],[36.3173,33.4737],[36.32,33.474],[36.3214,33.474],[36.3216,33.4776],[36.3218,33.4779],[36.32,33.4783],[36.32,33.4784],[36.3197,33.4784],[36.3197,33.4786],[36.3196,33.4784],[36.3157,33.4783],[36.3145,33.4806],[36.3173,33.4808],[36.3175,33.4845],[36.3197,33.4846],[36.3214,33.4855],[36.3234,33.4856],[36.3251,33.4858],[36.3239,33.4888],[36.3237,33.4896],[36.3239,33.49],[36.3258,33.4897],[36.3269,33.4888],[36.3274,33.489],[36.327,33.4893],[36.327,33.4899],[36.328,33.4933],[36.3285,33.4941],[36.3296,33.4948],[36.3299,33.4952],[36.3305,33.4964],[36.3309,33.4978],[36.3321,33.5011],[36.3402,33.5185],[36.343,33.5186],[36.3487,33.5195]]]},"properties":{"province_name":"Damascus"}},{"type":"Feature","geometry":{"type":"MultiPolygon","coordinates":[[[[35.8865,34.7829],[35.8864,34.7832],[35.886,34.7833],[35.8859,34.7831],[35.886,34.7828],[35.8865,34.7829]]],[[[35.8864,34.7846],[35.8865,34.785],[35.886,34.785],[35.8861,34.7847],[35.8864,34.7846]]],[[[35.8825,34.794],[35.8827,34.794],[35.8828,34.7944],[35.8822,34.7944],[35.8822,34.7941],[35.8825,34.794]]],[[[35.8821,34.7947],[35.8819,34.7947],[35.8821,34.7946],[35.8821,34.7947]]],[[[35.8725,34.8225],[35.8729,34.8227],[35.8732,34.8231],[35.873,34.8238],[35.8727,34.8243],[35.8722,34.824],[35.8725,34.8236],[35.8725,34.8232],[35.8724,34.8232],[35.8723,34.8227],[35.8725,34.8225]]],[[[35.856,34.8583],[35.8561,34.8586],[35.8557,34.8584],[35.856,34.8583]]],[[[35.8563,34.8585],[35.8563,34.8578],[35.8558,34.8568],[35.8559,34.8562],[35.8564,34.8558],[35.8565,34.8547],[35.8571,34.8542],[35.8575,34.8542],[35.8583,34.8536],[35.8621,34.8544],[35.8621,34.8553],[35.8618,34.8558],[35.8623,34.8564],[35.861,34.8583],[35.8585,34.8591],[35.8564,34.8588],[35.8563,34.8585]]],[[[35.8699,34.9827],[35.8701,34.983],[35.8697,34.9834],[35.869,34.9834],[35.8693,34.983],[35.8694,34.983],[35.8693,34.9826],[35.8699,34.9827]]],[[[35.8907,34.9985],[35.8867,34.9952],[35.8834,34.9936],[35.8822,34.9921],[35.8808,34.9917],[35.8803,34.9919],[35.8799,34.9917],[35.8802,34.9916],[35.8802,34.9914],[35.8795,34.99],[35.8788,34.9894],[35.8781,34.9892],[35.878,34.9866],[35.8783,34.985],[35.8782,34.984],[35.8786,34.9823],[35.8781,34.9806],[35.8778,34.9807],[35.8777,34.9804],[35.878,34.9782],[35.8779,34.9773],[35.8773,34.9761],[35.8768,34.9747],[35.8763,34.9696],[35.876,34.9687],[35.8735,34.9685],[35.8731,34.9682],[35.8728,34.9679],[35.873,34.9678],[35.8731,34.968],[35.8735,34.9683],[35.8762,34.9685],[35.8762,34.9679],[35.8761,34.9677],[35.8758,34.9677],[35.8757,34.9679],[35.8757,34.9677],[35.8754,34.9676],[35.8753,34.9677],[35.8754,34.9675],[35.8761,34.9676],[35.8761,34.967],[35.8758,34.9659],[35.8751,34.9654],[35.8735,34.9659],[35.8735,34.9669],[35.8731,34.9669],[35.8731,34.9661],[35.8725,34.9663],[35.8721,34.9666],[35.8719,34.9686],[35.8718,34.9687],[35.8715,34.9686],[35.8719,34.9663],[35.8745,34.9654],[35.8742,34.9649],[35.8731,34.9652],[35.8746,34.9645],[35.8754,34.9611],[35.8753,34.9609],[35.8757,34.9608],[35.8765,34.96],[35.8771,34.9582],[35.8773,34.9558],[35.876,34.9556],[35.8759,34.9555],[35.8772,34.9556],[35.8784,34.9533],[35.8783,34.9525],[35.8773,34.9523],[35.8773,34.9521],[35.8787,34.9524],[35.8791,34.9515],[35.8789,34.9514],[35.8796,34.9489],[35.8791,34.9461],[35.8788,34.9415],[35.8785,34.9411],[35.8789,34.9402],[35.879,34.9373],[35.8796,34.9358],[35.8798,34.9333],[35.8798,34.932],[35.8795,34.931],[35.8797,34.9294],[35.8796,34.9287],[35.8793,34.9283],[35.8795,34.9277],[35.8796,34.9261],[35.8795,34.9259],[35.8797,34.9256],[35.8798,34.9246],[35.8796,34.9237],[35.8794,34.9235],[35.8797,34.9203],[35.8796,34.9196],[35.8792,34.9189],[35.8777,34.9175],[35.8765,34.9173],[35.8757,34.9167],[35.8749,34.9164],[35.8745,34.9156],[35.865,34.9132],[35.8625,34.912],[35.8592,34.9096],[35.8593,34.9095],[35.8626,34.9118],[35.8638,34.9125],[35.8642,34.9125],[35.8643,34.9127],[35.8648,34.9129],[35.8652,34.913],[35.8655,34.913],[35.8658,34.9132],[35.872,34.9148],[35.8722,34.9142],[35.8716,34.9141],[35.8721,34.9127],[35.8683,34.9117],[35.8679,34.9127],[35.8678,34.9127],[35.8681,34.9117],[35.8635,34.9105],[35.8624,34.9088],[35.8691,34.9104],[35.8691,34.9102],[35.8694,34.9101],[35.8696,34.9095],[35.8695,34.9093],[35.8696,34.9091],[35.8639,34.9076],[35.8633,34.907],[35.8631,34.9055],[35.8699,34.9072],[35.87,34.907],[35.8724,34.9076],[35.8728,34.9065],[35.8648,34.9044],[35.865,34.9028],[35.8734,34.905],[35.8736,34.9043],[35.8705,34.9035],[35.8708,34.9028],[35.868,34.9021],[35.868,34.9019],[35.8709,34.9026],[35.871,34.9022],[35.8704,34.9018],[35.8727,34.9009],[35.8726,34.8993],[35.8707,34.8992],[35.8696,34.8993],[35.8689,34.8987],[35.8604,34.9005],[35.8588,34.9013],[35.8579,34.902],[35.8569,34.9032],[35.8546,34.9098],[35.8547,34.9102],[35.8545,34.9103],[35.8542,34.9102],[35.8564,34.9037],[35.8569,34.9027],[35.8576,34.9019],[35.8598,34.9005],[35.8697,34.8983],[35.8699,34.898],[35.871,34.8977],[35.8717,34.897],[35.8712,34.8964],[35.8711,34.8957],[35.8726,34.8958],[35.8731,34.8956],[35.8732,34.8953],[35.8729,34.8949],[35.8717,34.8948],[35.8716,34.8945],[35.8717,34.8943],[35.8735,34.8929],[35.8743,34.8931],[35.875,34.8917],[35.8754,34.8915],[35.8756,34.8911],[35.8757,34.8905],[35.8754,34.8901],[35.8763,34.8907],[35.8765,34.8905],[35.8768,34.8897],[35.8762,34.8894],[35.8759,34.8898],[35.8758,34.8897],[35.876,34.8893],[35.8759,34.8893],[35.8757,34.8893],[35.8749,34.8903],[35.8747,34.8902],[35.8755,34.8892],[35.876,34.8891],[35.8759,34.8889],[35.8764,34.8872],[35.8762,34.8869],[35.8767,34.8869],[35.8777,34.8861],[35.878,34.8856],[35.878,34.8847],[35.8788,34.8841],[35.8787,34.8834],[35.8793,34.8829],[35.8793,34.882],[35.8798,34.8814],[35.8796,34.8809],[35.8802,34.8802],[35.8802,34.8798],[35.8798,34.8795],[35.8798,34.8793],[35.8806,34.8785],[35.8809,34.8778],[35.8805,34.8773],[35.8792,34.8769],[35.8792,34.8767],[35.8802,34.8766],[35.8806,34.8763],[35.8807,34.8757],[35.8802,34.8751],[35.8795,34.875],[35.8788,34.8753],[35.8782,34.8771],[35.8783,34.8774],[35.8781,34.8776],[35.8779,34.8776],[35.8777,34.8774],[35.878,34.8758],[35.8783,34.8752],[35.8793,34.8743],[35.8807,34.874],[35.882,34.874],[35.882,34.8736],[35.8824,34.8734],[35.8827,34.8731],[35.8829,34.8724],[35.8828,34.8719],[35.8831,34.8714],[35.8829,34.8709],[35.8823,34.8703],[35.8812,34.87],[35.8809,34.87],[35.8809,34.8707],[35.8805,34.8708],[35.8803,34.8706],[35.8804,34.87],[35.8807,34.8696],[35.8812,34.8691],[35.8826,34.8691],[35.883,34.868],[35.8824,34.8677],[35.8825,34.8676],[35.8837,34.8681],[35.884,34.8679],[35.8859,34.8643],[35.892,34.8538],[35.8948,34.8484],[35.9031,34.8291],[35.9066,34.8232],[35.9073,34.8227],[35.9085,34.8207],[35.9156,34.8059],[35.9178,34.8017],[35.9187,34.7995],[35.9217,34.7943],[35.9258,34.7861],[35.9257,34.7858],[35.9263,34.7843],[35.9266,34.7838],[35.9269,34.7839],[35.9271,34.7837],[35.9282,34.7799],[35.9288,34.7787],[35.9297,34.7742],[35.9302,34.7698],[35.9302,34.7687],[35.9306,34.7669],[35.9315,34.759],[35.9312,34.7583],[35.9298,34.7575],[35.9294,34.757],[35.9294,34.7567],[35.929,34.7564],[35.9295,34.7563],[35.9296,34.756],[35.9307,34.7538],[35.9314,34.7514],[35.9316,34.7505],[35.9313,34.7489],[35.9305,34.7479],[35.9299,34.7476],[35.9295,34.7479],[35.9267,34.7476],[35.9267,34.748],[35.9264,34.7475],[35.9256,34.7478],[35.9258,34.7475],[35.9294,34.7477],[35.9298,34.7469],[35.9302,34.746],[35.9307,34.7424],[35.9313,34.7411],[35.9315,34.7389],[35.9328,34.735],[35.9348,34.7314],[35.9351,34.7291],[35.9354,34.7282],[35.9379,34.7229],[35.9422,34.7146],[35.9432,34.7117],[35.9443,34.7095],[35.9457,34.7051],[35.9474,34.7015],[35.9482,34.6988],[35.9489,34.6986],[35.9492,34.6982],[35.9505,34.6957],[35.9505,34.6951],[35.951,34.6948],[35.9511,34.694],[35.9516,34.6932],[35.9524,34.6902],[35.9535,34.688],[35.9535,34.6875],[35.9538,34.6872],[35.9541,34.6865],[35.9542,34.6856],[35.9547,34.6843],[35.9551,34.684],[35.955,34.6835],[35.9557,34.6822],[35.9574,34.6774],[35.958,34.6759],[35.9584,34.6754],[35.9596,34.6721],[35.9627,34.6658],[35.9673,34.6552],[35.9696,34.6491],[35.9719,34.6433],[35.9727,34.6407],[35.9734,34.6391],[35.9737,34.6373],[35.9743,34.6364],[35.9751,34.6344],[35.9755,34.6339],[35.9775,34.6342],[35.9779,34.6346],[35.9781,34.6353],[35.9779,34.6364],[35.9769,34.6387],[35.9765,34.641],[35.9758,34.6424],[35.9758,34.6431],[35.9762,34.6438],[35.9769,34.6442],[35.9784,34.6443],[35.9803,34.6441],[35.9812,34.6446],[35.9814,34.6451],[35.9814,34.6459],[35.9805,34.6483],[35.9803,34.6489],[35.9805,34.6495],[35.9813,34.6498],[35.9834,34.6493],[35.9841,34.6494],[35.9851,34.6485],[35.9864,34.6482],[35.9868,34.6484],[35.9869,34.6489],[35.9872,34.6494],[35.9877,34.6496],[35.9884,34.6496],[35.9893,34.6503],[35.9902,34.6506],[35.9907,34.6504],[35.9911,34.65],[35.9912,34.6494],[35.9911,34.6485],[35.9908,34.648],[35.9897,34.6468],[35.9895,34.6464],[35.9898,34.6448],[35.9896,34.6438],[35.9899,34.6434],[35.9913,34.6427],[35.9924,34.6427],[35.9927,34.6431],[35.9928,34.6444],[35.9932,34.6446],[35.9936,34.6444],[35.9945,34.6429],[35.9951,34.6426],[35.9965,34.6425],[35.9986,34.6433],[36.0016,34.6439],[36.0027,34.6448],[36.0048,34.6448],[36.0069,34.6454],[36.0077,34.6454],[36.008,34.645],[36.0078,34.6445],[36.0068,34.6435],[36.006,34.6434],[36.0057,34.643],[36.0056,34.6425],[36.0059,34.642],[36.0065,34.6417],[36.0078,34.6418],[36.0086,34.6416],[36.0104,34.6403],[36.0112,34.6395],[36.0158,34.6372],[36.0178,34.6365],[36.0189,34.6359],[36.0204,34.6353],[36.0212,34.6358],[36.0216,34.6359],[36.0235,34.6352],[36.0239,34.6347],[36.0242,34.6334],[36.0249,34.6318],[36.0254,34.6316],[36.0265,34.6314],[36.0276,34.6302],[36.0284,34.6297],[36.0301,34.6296],[36.0314,34.6304],[36.0339,34.6311],[36.0344,34.631],[36.0346,34.6306],[36.0343,34.6295],[36.0335,34.6294],[36.0327,34.6286],[36.0328,34.6281],[36.0332,34.6275],[36.0335,34.6274],[36.0343,34.6275],[36.035,34.6274],[36.0357,34.6281],[36.0361,34.6287],[36.0368,34.6289],[36.0378,34.6283],[36.039,34.6289],[36.0424,34.6298],[36.0429,34.6298],[36.0432,34.6298],[36.0442,34.6288],[36.0447,34.6293],[36.0465,34.6298],[36.05,34.6285],[36.0512,34.6279],[36.0524,34.6277],[36.0528,34.628],[36.0531,34.6286],[36.0529,34.6295],[36.053,34.6302],[36.0542,34.6321],[36.0575,34.6332],[36.059,34.6326],[36.0595,34.6328],[36.0607,34.6344],[36.061,34.6353],[36.0622,34.6357],[36.063,34.6358],[36.0644,34.6357],[36.0648,34.6353],[36.0645,34.6336],[36.0646,34.6326],[36.0645,34.632],[36.0651,34.6313],[36.0654,34.6314],[36.0658,34.6318],[36.0658,34.6329],[36.0661,34.6334],[36.0673,34.6338],[36.0698,34.6331],[36.0712,34.633],[36.0727,34.6321],[36.0732,34.6311],[36.0736,34.6307],[36.0733,34.6288],[36.0736,34.628],[36.0741,34.628],[36.0749,34.6283],[36.0755,34.6283],[36.0762,34.6286],[36.0763,34.6299],[36.0767,34.6307],[36.0771,34.6312],[36.0782,34.6336],[36.079,34.6342],[36.08,34.6342],[36.0804,34.634],[36.0802,34.6333],[36.0807,34.6326],[36.081,34.6323],[36.0812,34.6319],[36.0807,34.6308],[36.0809,34.6304],[36.0822,34.6307],[36.082,34.6311],[36.0821,34.6314],[36.0842,34.6317],[36.0856,34.632],[36.0858,34.632],[36.0869,34.6308],[36.0878,34.6305],[36.0889,34.6294],[36.0894,34.6291],[36.0897,34.6297],[36.0908,34.6298],[36.0909,34.6305],[36.0918,34.6305],[36.092,34.6304],[36.0921,34.63],[36.0918,34.6291],[36.0917,34.6289],[36.0919,34.6288],[36.0926,34.6291],[36.0935,34.6298],[36.094,34.63],[36.0944,34.6305],[36.0947,34.6307],[36.0948,34.6309],[36.0942,34.6312],[36.094,34.6315],[36.0942,34.632],[36.0952,34.6324],[36.0961,34.6322],[36.0967,34.6322],[36.0975,34.6327],[36.0977,34.6337],[36.0967,34.6348],[36.0972,34.6361],[36.0984,34.6365],[36.0995,34.6364],[36.0998,34.6363],[36.0999,34.635],[36.1004,34.6346],[36.1009,34.6344],[36.1012,34.6345],[36.1022,34.6353],[36.1033,34.6355],[36.1041,34.635],[36.1057,34.6348],[36.1091,34.6333],[36.1123,34.6338],[36.1136,34.6335],[36.1142,34.6336],[36.1141,34.6339],[36.107,34.6401],[36.1054,34.6441],[36.109,34.6505],[36.1129,34.6543],[36.1208,34.6606],[36.1317,34.6703],[36.126,34.6863],[36.1284,34.6885],[36.1442,34.6943],[36.146,34.7319],[36.1432,34.735],[36.1455,34.7366],[36.1505,34.7362],[36.1518,34.7367],[36.1551,34.7431],[36.1576,34.7432],[36.1619,34.746],[36.1636,34.7522],[36.1717,34.7553],[36.177,34.7579],[36.1828,34.7642],[36.1845,34.7672],[36.1978,34.7747],[36.2045,34.7792],[36.211,34.7812],[36.2174,34.7829],[36.2202,34.7868],[36.22,34.7908],[36.2253,34.8],[36.2308,34.8025],[36.2347,34.8061],[36.2361,34.8117],[36.24,34.8178],[36.2516,34.8191],[36.2584,34.8218],[36.27,34.826],[36.275,34.8301],[36.2805,34.8394],[36.3114,34.8562],[36.3162,34.8606],[36.3243,34.8648],[36.3238,34.8694],[36.3195,34.871],[36.3072,34.8639],[36.2987,34.8567],[36.2898,34.8562],[36.2836,34.8577],[36.2761,34.8616],[36.273,34.8664],[36.2745,34.873],[36.275,34.8764],[36.2755,34.8785],[36.275,34.8814],[36.2753,34.8822],[36.2794,34.8881],[36.2836,34.8917],[36.2893,34.9021],[36.2945,34.9208],[36.2874,34.9216],[36.2825,34.9224],[36.2788,34.9227],[36.2737,34.9212],[36.2715,34.9209],[36.2698,34.9222],[36.273,34.9279],[36.2711,34.9337],[36.2704,34.9379],[36.2719,34.9444],[36.2702,34.9501],[36.2679,34.9551],[36.2674,34.9591],[36.2565,34.9723],[36.2517,34.9733],[36.2389,34.9709],[36.2335,34.9725],[36.2264,34.9722],[36.2198,34.9726],[36.2086,34.9728],[36.1983,34.9713],[36.1797,34.9722],[36.1697,34.9775],[36.1641,34.9801],[36.1541,34.9801],[36.1477,34.979],[36.1439,34.9753],[36.1364,34.9755],[36.1351,34.9786],[36.1343,34.9831],[36.145,34.9863],[36.1504,35.004],[36.1544,35.0078],[36.1566,35.0081],[36.1711,35.0055],[36.1753,35.0064],[36.1842,35.013],[36.1875,35.0144],[36.1917,35.0155],[36.2014,35.0158],[36.2057,35.0169],[36.2105,35.0219],[36.2195,35.0233],[36.2301,35.0229],[36.2337,35.0245],[36.2373,35.0309],[36.2436,35.035],[36.2539,35.04],[36.2564,35.0425],[36.258,35.0461],[36.2664,35.0663],[36.2655,35.0705],[36.2626,35.0731],[36.2618,35.0761],[36.2624,35.0778],[36.2637,35.08],[36.2672,35.0814],[36.2699,35.0817],[36.2707,35.0839],[36.2705,35.0904],[36.2644,35.0981],[36.263,35.1014],[36.2583,35.1272],[36.258,35.1433],[36.2572,35.1469],[36.2575,35.1553],[36.255,35.1703],[36.2539,35.1861],[36.2542,35.1986],[36.2545,35.2009],[36.2527,35.2075],[36.2478,35.2356],[36.2561,35.2477],[36.2515,35.2635],[36.2405,35.2595],[36.2289,35.257],[36.219,35.2541],[36.2009,35.2403],[36.1945,35.2361],[36.1801,35.2301],[36.1637,35.2261],[36.1359,35.2237],[36.0651,35.2237],[36.0309,35.2167],[36.0253,35.2173],[36.0221,35.2183],[36.0159,35.2225],[36.0133,35.2253],[36.0097,35.2269],[36.0041,35.2317],[36.0003,35.2333],[35.9981,35.2359],[35.9941,35.2375],[35.9887,35.2423],[35.9739,35.2497],[35.9583,35.2561],[35.9395,35.2579],[35.9399,35.2573],[35.9337,35.2575],[35.9337,35.2564],[35.9335,35.2561],[35.9325,35.2557],[35.9324,35.2554],[35.9318,35.255],[35.9324,35.2551],[35.9337,35.2544],[35.9342,35.254],[35.9347,35.2532],[35.9345,35.2527],[35.9349,35.2519],[35.9356,35.2512],[35.9363,35.251],[35.9366,35.2504],[35.9363,35.2502],[35.9369,35.2501],[35.9393,35.246],[35.9394,35.2453],[35.9391,35.2452],[35.9391,35.245],[35.9395,35.245],[35.9425,35.2389],[35.9425,35.2382],[35.9432,35.2372],[35.9436,35.2362],[35.9439,35.236],[35.9455,35.2328],[35.9457,35.2323],[35.946,35.2319],[35.9465,35.231],[35.9466,35.2292],[35.9484,35.2274],[35.9485,35.2267],[35.9481,35.2266],[35.9486,35.2263],[35.9486,35.2261],[35.9484,35.2243],[35.9463,35.2232],[35.9466,35.2231],[35.9486,35.2242],[35.9488,35.2241],[35.9491,35.2238],[35.9489,35.2236],[35.9496,35.2211],[35.9487,35.2212],[35.9484,35.2224],[35.9479,35.2222],[35.9481,35.2213],[35.9468,35.2215],[35.9457,35.2227],[35.9455,35.2238],[35.9453,35.2238],[35.9452,35.2237],[35.9455,35.2225],[35.9467,35.2212],[35.9495,35.2206],[35.9499,35.2191],[35.9502,35.2162],[35.95,35.2158],[35.9493,35.2156],[35.9495,35.2153],[35.95,35.2154],[35.95,35.215],[35.9494,35.2151],[35.9492,35.2145],[35.9494,35.2142],[35.9497,35.2144],[35.9499,35.214],[35.9496,35.2137],[35.9493,35.2137],[35.9491,35.2138],[35.949,35.2137],[35.948,35.2136],[35.9478,35.2138],[35.9476,35.2135],[35.9477,35.2134],[35.9498,35.2135],[35.9503,35.2125],[35.951,35.2104],[35.9527,35.2045],[35.9534,35.1993],[35.9528,35.1935],[35.9529,35.1933],[35.9525,35.1919],[35.9518,35.1906],[35.9503,35.1889],[35.9493,35.1885],[35.9483,35.1885],[35.9474,35.1887],[35.9465,35.1885],[35.9451,35.1875],[35.9447,35.1874],[35.9445,35.1877],[35.9445,35.1875],[35.9447,35.1872],[35.9442,35.187],[35.9425,35.1872],[35.9426,35.187],[35.9437,35.1867],[35.9439,35.1864],[35.9439,35.186],[35.9428,35.1861],[35.9428,35.1858],[35.9439,35.1857],[35.9437,35.1852],[35.9427,35.1853],[35.9427,35.1851],[35.9437,35.185],[35.9438,35.1848],[35.9424,35.1839],[35.942,35.1839],[35.9418,35.1842],[35.941,35.1838],[35.94,35.1854],[35.9401,35.1861],[35.9427,35.1879],[35.9428,35.188],[35.9426,35.1882],[35.942,35.188],[35.9399,35.1865],[35.9395,35.1856],[35.9406,35.1836],[35.9367,35.1825],[35.933,35.1806],[35.9316,35.1804],[35.9307,35.1796],[35.9306,35.1791],[35.9288,35.1779],[35.928,35.1775],[35.9275,35.1765],[35.927,35.176],[35.9265,35.1747],[35.926,35.1748],[35.9257,35.1747],[35.9256,35.1746],[35.926,35.1745],[35.9262,35.1744],[35.9263,35.1739],[35.9258,35.1731],[35.9256,35.173],[35.9252,35.173],[35.9242,35.1735],[35.924,35.1735],[35.9237,35.1731],[35.9236,35.1726],[35.9232,35.1723],[35.9233,35.1721],[35.9237,35.1722],[35.9239,35.172],[35.9235,35.1718],[35.9234,35.1713],[35.9236,35.1712],[35.9239,35.1717],[35.9247,35.1714],[35.9248,35.1712],[35.9244,35.1711],[35.9246,35.1706],[35.9245,35.1705],[35.9235,35.1707],[35.9229,35.1713],[35.9227,35.1712],[35.9227,35.1711],[35.9234,35.1705],[35.9246,35.1702],[35.9253,35.1695],[35.9252,35.1688],[35.925,35.1689],[35.925,35.1688],[35.9254,35.1675],[35.9268,35.1615],[35.9274,35.1596],[35.9271,35.1593],[35.9274,35.1592],[35.9275,35.1585],[35.9276,35.1573],[35.9274,35.1569],[35.9272,35.1567],[35.9272,35.1564],[35.9266,35.1557],[35.9254,35.1552],[35.9254,35.1546],[35.9251,35.1542],[35.9244,35.1538],[35.9241,35.1538],[35.9242,35.1531],[35.9238,35.1514],[35.9228,35.1501],[35.922,35.1497],[35.9214,35.1496],[35.9212,35.1498],[35.9207,35.1499],[35.92,35.1501],[35.9198,35.1504],[35.9192,35.1504],[35.9185,35.1498],[35.9175,35.1498],[35.9165,35.1493],[35.9169,35.1492],[35.9171,35.149],[35.9173,35.1485],[35.9171,35.1482],[35.9168,35.1481],[35.9162,35.1488],[35.9163,35.1483],[35.9173,35.1474],[35.917,35.1462],[35.9173,35.1453],[35.9171,35.1449],[35.9153,35.1444],[35.9156,35.1434],[35.9155,35.1431],[35.915,35.1428],[35.9143,35.1427],[35.9134,35.1414],[35.9134,35.1409],[35.9129,35.1404],[35.9126,35.1394],[35.9124,35.1391],[35.9125,35.138],[35.9116,35.1371],[35.9117,35.136],[35.9114,35.1356],[35.9111,35.1356],[35.911,35.1341],[35.9106,35.1335],[35.91,35.1328],[35.9093,35.1328],[35.9089,35.1325],[35.9085,35.1316],[35.9087,35.1308],[35.9085,35.1305],[35.9074,35.1293],[35.9071,35.1289],[35.9072,35.1284],[35.9076,35.1279],[35.9077,35.1269],[35.9075,35.1269],[35.9072,35.1263],[35.9064,35.1261],[35.9063,35.1258],[35.9066,35.1244],[35.9061,35.1235],[35.9056,35.121],[35.9046,35.1195],[35.9035,35.1189],[35.9018,35.1189],[35.9012,35.118],[35.8999,35.1178],[35.899,35.1183],[35.898,35.1186],[35.8973,35.1191],[35.897,35.1189],[35.8964,35.1189],[35.8965,35.1187],[35.895,35.1173],[35.8952,35.1171],[35.8952,35.1161],[35.8956,35.1159],[35.8956,35.1157],[35.8952,35.1156],[35.8951,35.1149],[35.8947,35.1148],[35.894,35.114],[35.8935,35.1128],[35.8936,35.1103],[35.8934,35.1099],[35.8923,35.1088],[35.8918,35.1086],[35.8914,35.1088],[35.891,35.1088],[35.8907,35.1083],[35.8906,35.108],[35.8903,35.1076],[35.8882,35.1066],[35.8877,35.1059],[35.8877,35.1051],[35.887,35.1032],[35.8872,35.1025],[35.8869,35.0997],[35.8869,35.099],[35.8877,35.0977],[35.8878,35.0959],[35.8881,35.0954],[35.8889,35.0952],[35.889,35.0949],[35.8888,35.0947],[35.8888,35.0937],[35.8893,35.0926],[35.8897,35.0914],[35.8901,35.0908],[35.8906,35.0906],[35.8911,35.0894],[35.8914,35.0878],[35.8911,35.0875],[35.8914,35.0864],[35.8912,35.0861],[35.8913,35.0851],[35.8916,35.0849],[35.8917,35.0841],[35.892,35.0834],[35.8919,35.0818],[35.8925,35.081],[35.8909,35.0742],[35.8894,35.0712],[35.8884,35.0699],[35.8881,35.0699],[35.8879,35.0697],[35.8866,35.0667],[35.8865,35.0659],[35.8862,35.0652],[35.8854,35.0643],[35.8854,35.064],[35.8856,35.0637],[35.8853,35.063],[35.8855,35.0626],[35.8854,35.0613],[35.8852,35.0609],[35.8844,35.0609],[35.8841,35.0613],[35.8838,35.0611],[35.8839,35.0609],[35.8845,35.0607],[35.8854,35.0607],[35.8859,35.06],[35.8859,35.0597],[35.8857,35.0591],[35.8857,35.0575],[35.8865,35.0556],[35.8864,35.0544],[35.8878,35.0518],[35.889,35.0504],[35.889,35.0492],[35.8894,35.0479],[35.8914,35.0435],[35.8919,35.0425],[35.8926,35.0419],[35.8931,35.0398],[35.893,35.0394],[35.8933,35.0391],[35.895,35.0313],[35.895,35.0304],[35.8955,35.0295],[35.8956,35.0287],[35.8954,35.0285],[35.8958,35.0283],[35.8963,35.0284],[35.8963,35.028],[35.895,35.0281],[35.8947,35.0279],[35.8948,35.0275],[35.8952,35.0273],[35.8954,35.0263],[35.8958,35.0259],[35.8962,35.0249],[35.8969,35.0224],[35.8969,35.0211],[35.8968,35.0206],[35.8963,35.0202],[35.8957,35.02],[35.8956,35.0201],[35.8957,35.0204],[35.8954,35.0205],[35.8952,35.0202],[35.8958,35.0186],[35.8961,35.0185],[35.8968,35.0184],[35.8977,35.0141],[35.8983,35.0094],[35.8977,35.0065],[35.8968,35.0042],[35.8961,35.0036],[35.8947,35.003],[35.8947,35.0023],[35.8938,35.0005],[35.8918,34.9988],[35.8912,34.9986],[35.8906,34.9989],[35.8905,34.9988],[35.8907,34.9985]]]]},"properties":{"province_name":"Tartus"}},{"type":"Feature","geometry":{"type":"MultiPolygon","coordinates":[[[[35.8857,35.9049],[35.8855,35.9046],[35.8858,35.9043],[35.887,35.9038],[35.887,35.904],[35.8867,35.9044],[35.8857,35.9049]]],[[[35.9395,35.2579],[35.9583,35.2561],[35.9739,35.2497],[35.9887,35.2423],[35.9941,35.2375],[35.9981,35.2359],[36.0003,35.2333],[36.0041,35.2317],[36.0097,35.2269],[36.0133,35.2253],[36.0159,35.2225],[36.0221,35.2183],[36.0253,35.2173],[36.0309,35.2167],[36.0651,35.2237],[36.1359,35.2237],[36.1637,35.2261],[36.1801,35.2301],[36.1945,35.2361],[36.2009,35.2403],[36.219,35.2541],[36.2289,35.257],[36.2255,35.2595],[36.2217,35.2722],[36.2366,35.2869],[36.2385,35.3062],[36.2309,35.3281],[36.2297,35.3357],[36.2253,35.3453],[36.2237,35.3559],[36.2243,35.3611],[36.2251,35.3655],[36.2245,35.3695],[36.2215,35.3755],[36.2189,35.3781],[36.2151,35.3843],[36.2119,35.3903],[36.2083,35.4003],[36.2067,35.4081],[36.2047,35.4108],[36.2025,35.4175],[36.2005,35.4289],[36.2025,35.4467],[36.2073,35.4629],[36.2153,35.5119],[36.2189,35.5239],[36.2208,35.5375],[36.2213,35.5472],[36.2186,35.5699],[36.2177,35.5972],[36.2157,35.6124],[36.2126,35.6301],[36.2163,35.6303],[36.2201,35.6405],[36.2189,35.6474],[36.211,35.6477],[36.2051,35.6538],[36.2131,35.6569],[36.2005,35.6697],[36.2061,35.6758],[36.1966,35.687],[36.2042,35.6932],[36.2073,35.6894],[36.2088,35.6856],[36.2116,35.6833],[36.2132,35.6832],[36.2186,35.6812],[36.2202,35.6814],[36.2228,35.6825],[36.2253,35.6841],[36.2275,35.6857],[36.2287,35.6854],[36.2294,35.6866],[36.2277,35.6881],[36.2272,35.6908],[36.2273,35.6914],[36.226,35.6931],[36.2278,35.6944],[36.2308,35.6918],[36.2304,35.6904],[36.2308,35.687],[36.2361,35.6861],[36.2358,35.6845],[36.2342,35.6836],[36.2335,35.6823],[36.2348,35.6816],[36.2366,35.6841],[36.2416,35.6924],[36.2383,35.6983],[36.2395,35.7043],[36.2422,35.7043],[36.2441,35.7059],[36.2411,35.7152],[36.2449,35.7182],[36.2512,35.7124],[36.2552,35.7154],[36.234,35.7357],[36.2254,35.7468],[36.2202,35.7564],[36.2045,35.7559],[36.1957,35.7667],[36.1853,35.7724],[36.1617,35.7867],[36.1558,35.787],[36.1534,35.7879],[36.1492,35.7978],[36.1486,35.8014],[36.1491,35.8029],[36.1497,35.8065],[36.1498,35.8087],[36.1495,35.8089],[36.1493,35.8096],[36.1486,35.8101],[36.1474,35.8105],[36.1438,35.8101],[36.1431,35.8102],[36.1426,35.8107],[36.1412,35.8126],[36.1392,35.8134],[36.1384,35.8149],[36.1386,35.8161],[36.1394,35.8169],[36.1395,35.8174],[36.1394,35.8192],[36.1388,35.8204],[36.139,35.8216],[36.1386,35.8227],[36.1384,35.823],[36.1377,35.8234],[36.1367,35.8233],[36.1365,35.8236],[36.1367,35.8242],[36.1377,35.8246],[36.138,35.8251],[36.138,35.8255],[36.1374,35.826],[36.1373,35.8264],[36.1376,35.8267],[36.1388,35.827],[36.1392,35.8282],[36.1388,35.8287],[36.1374,35.8286],[36.137,35.829],[36.1371,35.83],[36.1375,35.8307],[36.1368,35.8313],[36.1367,35.8317],[36.1369,35.8323],[36.1378,35.8332],[36.138,35.8337],[36.1378,35.8351],[36.137,35.8369],[36.1349,35.8395],[36.1336,35.8428],[36.1311,35.8454],[36.1304,35.8465],[36.1298,35.8471],[36.1268,35.8492],[36.1248,35.8512],[36.1242,35.8514],[36.1231,35.8515],[36.1229,35.8516],[36.1225,35.8521],[36.1221,35.8532],[36.1212,35.853],[36.1206,35.8532],[36.1206,35.8542],[36.1204,35.8547],[36.1193,35.855],[36.1179,35.8544],[36.1172,35.8544],[36.1155,35.855],[36.1153,35.8561],[36.1157,35.8581],[36.1151,35.8601],[36.1116,35.8614],[36.1091,35.8614],[36.1071,35.862],[36.1035,35.8651],[36.102,35.8656],[36.1007,35.8666],[36.1001,35.8668],[36.0994,35.8667],[36.0985,35.8656],[36.0973,35.8648],[36.0965,35.8641],[36.0957,35.8637],[36.0949,35.8636],[36.0938,35.8637],[36.0923,35.8642],[36.0901,35.8646],[36.0894,35.8653],[36.0887,35.8671],[36.0883,35.8673],[36.0864,35.8678],[36.0854,35.8677],[36.0842,35.8673],[36.0823,35.8676],[36.0809,35.8676],[36.08,35.8683],[36.0786,35.8687],[36.0766,35.8688],[36.0757,35.8687],[36.0746,35.8682],[36.0719,35.868],[36.071,35.8674],[36.0704,35.8675],[36.0689,35.8684],[36.0685,35.8684],[36.0669,35.8676],[36.0671,35.8669],[36.0667,35.8664],[36.0665,35.8658],[36.0662,35.8657],[36.066,35.8659],[36.066,35.8668],[36.0655,35.8672],[36.0652,35.8678],[36.0652,35.8686],[36.0655,35.8694],[36.0649,35.8703],[36.0639,35.8708],[36.0634,35.8717],[36.0615,35.8725],[36.061,35.873],[36.0604,35.8726],[36.0596,35.8734],[36.059,35.873],[36.0586,35.8731],[36.0579,35.8742],[36.0574,35.8743],[36.057,35.8749],[36.0568,35.875],[36.0562,35.8747],[36.056,35.8738],[36.055,35.8731],[36.0532,35.8734],[36.0527,35.8733],[36.0513,35.8737],[36.0503,35.8735],[36.0498,35.8735],[36.0487,35.8738],[36.0483,35.8742],[36.0476,35.8744],[36.0473,35.8743],[36.0469,35.8737],[36.0462,35.8735],[36.0452,35.873],[36.0429,35.8729],[36.0428,35.8727],[36.0427,35.8718],[36.0424,35.8717],[36.0418,35.8716],[36.0408,35.8717],[36.0399,35.8721],[36.0387,35.8731],[36.0361,35.8748],[36.0332,35.8765],[36.0324,35.8768],[36.0311,35.8769],[36.0309,35.8781],[36.0303,35.8792],[36.0299,35.8807],[36.0293,35.8811],[36.0265,35.8822],[36.0233,35.882],[36.0219,35.8816],[36.0207,35.8809],[36.0186,35.8817],[36.0177,35.8818],[36.0169,35.8816],[36.0152,35.8808],[36.0142,35.8807],[36.0097,35.8804],[36.0036,35.8812],[36.0012,35.8806],[36.0004,35.8801],[35.9992,35.8806],[35.9985,35.8823],[35.9979,35.8847],[35.9989,35.885],[36.0007,35.8864],[36.0007,35.8867],[36.0002,35.8869],[36.0001,35.8871],[36.0008,35.8875],[36.0009,35.8881],[36.0013,35.8886],[36.0018,35.8895],[36.0019,35.8901],[36.0018,35.8912],[36.005,35.8953],[36.0052,35.8958],[36.0052,35.8971],[36.0064,35.8989],[36.0075,35.9023],[36.0078,35.9026],[36.0093,35.9034],[36.01,35.9044],[36.01,35.9048],[36.0103,35.9049],[36.0101,35.9051],[36.0099,35.9051],[36.0098,35.9054],[36.01,35.9067],[36.0097,35.9083],[36.0124,35.9116],[36.013,35.9136],[36.0146,35.9152],[36.0168,35.9188],[36.0175,35.9205],[36.0161,35.9231],[36.0154,35.9238],[36.0151,35.9249],[36.0139,35.9265],[36.0121,35.9305],[36.0111,35.9314],[36.0093,35.9349],[36.0087,35.9356],[36.0068,35.9389],[36.0061,35.9396],[36.0059,35.9402],[36.0057,35.9403],[36.0037,35.9397],[36.0032,35.9397],[36.0024,35.9401],[36.0006,35.94],[36.0002,35.9397],[35.9992,35.9385],[35.9988,35.9388],[35.9991,35.9395],[35.9989,35.9397],[35.995,35.9385],[35.9943,35.9386],[35.9939,35.9389],[35.9935,35.9404],[35.9932,35.9405],[35.9901,35.9389],[35.9884,35.9394],[35.986,35.9385],[35.9831,35.9387],[35.9816,35.9384],[35.9772,35.9354],[35.9753,35.9348],[35.9747,35.9336],[35.9744,35.9323],[35.9742,35.9321],[35.9731,35.932],[35.9713,35.9325],[35.9706,35.9325],[35.9684,35.9312],[35.9673,35.9299],[35.9657,35.9299],[35.9642,35.9295],[35.963,35.929],[35.9622,35.9281],[35.9596,35.9273],[35.959,35.9274],[35.958,35.9286],[35.9576,35.9288],[35.957,35.9284],[35.9552,35.9282],[35.9533,35.9283],[35.9529,35.9289],[35.9527,35.929],[35.9482,35.9281],[35.9467,35.9279],[35.9467,35.9277],[35.9475,35.9275],[35.9475,35.9271],[35.9489,35.9267],[35.949,35.9265],[35.9485,35.9256],[35.9491,35.9252],[35.9492,35.9249],[35.9463,35.9241],[35.9436,35.9239],[35.9424,35.9237],[35.9348,35.9236],[35.9331,35.9238],[35.9335,35.9215],[35.9314,35.9205],[35.9276,35.9218],[35.9235,35.9215],[35.9225,35.9223],[35.9199,35.9271],[35.918,35.9286],[35.9178,35.9287],[35.9169,35.928],[35.9162,35.9278],[35.9151,35.9281],[35.9138,35.9287],[35.9133,35.9282],[35.9133,35.9279],[35.9128,35.9279],[35.9118,35.9274],[35.9119,35.9268],[35.9122,35.9266],[35.9117,35.9264],[35.9111,35.9258],[35.9111,35.9255],[35.9113,35.9254],[35.9111,35.9252],[35.9111,35.9248],[35.9109,35.9247],[35.911,35.9244],[35.9107,35.9241],[35.9087,35.9232],[35.9078,35.9235],[35.9072,35.9235],[35.907,35.9234],[35.9072,35.9228],[35.9066,35.9225],[35.9063,35.9228],[35.9054,35.9226],[35.905,35.9222],[35.9049,35.9218],[35.9045,35.9218],[35.9044,35.9222],[35.9037,35.9223],[35.9034,35.9222],[35.9033,35.9214],[35.9026,35.9214],[35.903,35.9219],[35.9029,35.922],[35.9022,35.9217],[35.9016,35.9217],[35.9016,35.9219],[35.9004,35.9214],[35.8987,35.92],[35.8982,35.9191],[35.8972,35.918],[35.8973,35.9169],[35.8967,35.9164],[35.8959,35.9163],[35.8954,35.916],[35.8949,35.9152],[35.8947,35.9149],[35.8949,35.9135],[35.8947,35.9123],[35.8937,35.9101],[35.893,35.9092],[35.8929,35.9085],[35.8922,35.906],[35.8918,35.9055],[35.891,35.9049],[35.8907,35.9048],[35.8897,35.9051],[35.8897,35.9045],[35.8896,35.9041],[35.8886,35.9035],[35.888,35.9034],[35.8885,35.9025],[35.888,35.9009],[35.8877,35.9001],[35.8874,35.8999],[35.8868,35.9001],[35.8872,35.8997],[35.8858,35.8909],[35.8856,35.8897],[35.8853,35.8896],[35.8854,35.889],[35.8847,35.8863],[35.8843,35.886],[35.8843,35.8851],[35.8831,35.8828],[35.8827,35.8813],[35.8806,35.8755],[35.878,35.8708],[35.8756,35.868],[35.8737,35.8665],[35.873,35.8662],[35.8721,35.8656],[35.8708,35.8652],[35.8703,35.8652],[35.8697,35.8657],[35.8685,35.8659],[35.8684,35.866],[35.8678,35.8662],[35.867,35.8658],[35.8658,35.8661],[35.8653,35.8657],[35.8637,35.8635],[35.8622,35.862],[35.8608,35.8608],[35.86,35.8599],[35.8591,35.8595],[35.8575,35.858],[35.8531,35.856],[35.852,35.8544],[35.8511,35.8538],[35.8507,35.8538],[35.8497,35.853],[35.8482,35.852],[35.8455,35.8508],[35.8426,35.8501],[35.8391,35.8498],[35.8359,35.8499],[35.8345,35.8495],[35.834,35.8496],[35.834,35.8497],[35.833,35.8496],[35.8324,35.8498],[35.8309,35.8496],[35.8295,35.8497],[35.8277,35.8503],[35.827,35.8511],[35.8269,35.8514],[35.8272,35.8518],[35.8263,35.852],[35.8247,35.8533],[35.8242,35.8527],[35.824,35.852],[35.8236,35.8518],[35.8238,35.8517],[35.8235,35.8515],[35.823,35.8518],[35.8227,35.8517],[35.8203,35.8525],[35.8204,35.8533],[35.8201,35.8546],[35.8196,35.8546],[35.8196,35.8544],[35.8199,35.8544],[35.82,35.8531],[35.8182,35.8529],[35.8158,35.855],[35.8158,35.8554],[35.8196,35.8558],[35.8199,35.8557],[35.8204,35.8554],[35.8204,35.855],[35.8206,35.855],[35.8209,35.8553],[35.8207,35.8556],[35.8202,35.8559],[35.8195,35.8559],[35.8194,35.856],[35.818,35.8558],[35.8179,35.8557],[35.8148,35.8555],[35.8147,35.8566],[35.8138,35.8575],[35.8128,35.8568],[35.8122,35.8561],[35.8117,35.8558],[35.8116,35.8556],[35.8108,35.8558],[35.8102,35.8556],[35.8098,35.8551],[35.8089,35.855],[35.8089,35.8538],[35.8087,35.8535],[35.808,35.8536],[35.8072,35.8543],[35.8065,35.8545],[35.8064,35.8549],[35.8056,35.8546],[35.8055,35.8543],[35.8037,35.8543],[35.8023,35.8547],[35.8019,35.8551],[35.8011,35.8543],[35.8011,35.8541],[35.8006,35.8538],[35.8005,35.8534],[35.8003,35.8533],[35.7997,35.8533],[35.8001,35.8522],[35.8005,35.852],[35.8007,35.8523],[35.801,35.8522],[35.801,35.8518],[35.8021,35.8515],[35.8023,35.8515],[35.8023,35.8517],[35.8026,35.8516],[35.8025,35.8514],[35.8026,35.8512],[35.8034,35.8507],[35.804,35.8507],[35.8047,35.8509],[35.805,35.8508],[35.805,35.8503],[35.8067,35.8501],[35.8093,35.8494],[35.8118,35.8493],[35.8121,35.849],[35.812,35.8483],[35.8123,35.8475],[35.8116,35.8468],[35.8103,35.846],[35.8103,35.8453],[35.8099,35.8451],[35.8099,35.8449],[35.8103,35.8448],[35.8103,35.8446],[35.8099,35.8446],[35.8098,35.8444],[35.8102,35.8441],[35.8098,35.8435],[35.8095,35.8434],[35.809,35.8429],[35.8093,35.8429],[35.8095,35.8427],[35.8094,35.8424],[35.8095,35.842],[35.8094,35.8416],[35.8098,35.8414],[35.8099,35.841],[35.8095,35.8407],[35.8091,35.8407],[35.8094,35.8401],[35.8088,35.8394],[35.8089,35.8393],[35.8083,35.8383],[35.8076,35.8377],[35.8074,35.8374],[35.8075,35.8371],[35.8077,35.837],[35.8075,35.8366],[35.8071,35.8364],[35.807,35.8358],[35.808,35.8356],[35.8084,35.8353],[35.81,35.8354],[35.8104,35.8349],[35.8118,35.8349],[35.812,35.8348],[35.8121,35.8342],[35.8118,35.8341],[35.8118,35.8338],[35.8121,35.8335],[35.8124,35.8328],[35.8119,35.8322],[35.8118,35.8317],[35.8129,35.8313],[35.8127,35.8306],[35.813,35.8304],[35.8133,35.8306],[35.8139,35.8306],[35.8141,35.8302],[35.8145,35.83],[35.8152,35.8301],[35.8153,35.8298],[35.8156,35.8302],[35.8165,35.8303],[35.8168,35.8302],[35.8169,35.8294],[35.8175,35.8293],[35.8199,35.8294],[35.8204,35.8289],[35.8204,35.8286],[35.82,35.828],[35.8209,35.8272],[35.8201,35.8267],[35.821,35.8265],[35.8212,35.8262],[35.8211,35.8251],[35.8213,35.8248],[35.8217,35.8248],[35.8221,35.825],[35.8225,35.825],[35.8216,35.8226],[35.8223,35.8224],[35.8224,35.8215],[35.822,35.8211],[35.8221,35.8203],[35.8224,35.8192],[35.8229,35.8188],[35.8224,35.8186],[35.8217,35.8178],[35.8235,35.8172],[35.8236,35.8164],[35.8234,35.8158],[35.8228,35.8156],[35.8225,35.8152],[35.8226,35.8149],[35.8225,35.8146],[35.8212,35.8139],[35.8207,35.8134],[35.8204,35.8128],[35.8222,35.8116],[35.8229,35.8115],[35.8231,35.8108],[35.8236,35.8104],[35.8247,35.8101],[35.8248,35.8095],[35.8252,35.8092],[35.8258,35.8095],[35.8264,35.8095],[35.8267,35.809],[35.8265,35.8085],[35.8279,35.8079],[35.8281,35.8072],[35.8281,35.8054],[35.8286,35.8051],[35.8294,35.805],[35.8297,35.8047],[35.8299,35.8041],[35.8298,35.8037],[35.8293,35.8035],[35.8289,35.8022],[35.8296,35.8018],[35.8302,35.8017],[35.8308,35.8013],[35.8313,35.8012],[35.8319,35.8006],[35.8314,35.8],[35.8314,35.7987],[35.8321,35.798],[35.8322,35.7974],[35.8316,35.7973],[35.831,35.7963],[35.8311,35.7961],[35.831,35.7952],[35.83,35.7949],[35.8296,35.7945],[35.8297,35.7944],[35.8299,35.7945],[35.8308,35.7938],[35.8313,35.794],[35.8338,35.7932],[35.834,35.7927],[35.8338,35.7925],[35.8338,35.7921],[35.8342,35.7918],[35.8339,35.7915],[35.8342,35.7913],[35.8342,35.7907],[35.8339,35.7905],[35.834,35.7901],[35.835,35.7901],[35.8356,35.7894],[35.8364,35.7877],[35.8363,35.7875],[35.8367,35.7872],[35.8372,35.786],[35.8371,35.7856],[35.8373,35.7853],[35.8375,35.7852],[35.8383,35.7837],[35.8386,35.7828],[35.8383,35.7821],[35.8386,35.7818],[35.8389,35.7811],[35.8394,35.7808],[35.8397,35.7803],[35.8399,35.7793],[35.8397,35.779],[35.8398,35.7786],[35.8405,35.7774],[35.8409,35.7761],[35.841,35.7756],[35.8406,35.7748],[35.8409,35.7746],[35.8402,35.7727],[35.8398,35.7726],[35.8396,35.7723],[35.8398,35.7714],[35.8404,35.7708],[35.8403,35.7702],[35.8407,35.7694],[35.841,35.769],[35.8404,35.7684],[35.8406,35.7681],[35.8406,35.7679],[35.84,35.7676],[35.8401,35.7668],[35.8407,35.7668],[35.8409,35.7667],[35.8407,35.7661],[35.8413,35.7659],[35.8405,35.7651],[35.8404,35.7645],[35.8415,35.7642],[35.8417,35.7637],[35.8415,35.7634],[35.8422,35.7632],[35.8421,35.7629],[35.8423,35.7627],[35.8426,35.7626],[35.8428,35.7624],[35.8434,35.7604],[35.8435,35.7592],[35.8434,35.7587],[35.8445,35.7545],[35.8453,35.7503],[35.8454,35.7476],[35.8453,35.7459],[35.8442,35.7415],[35.8438,35.7407],[35.8432,35.7401],[35.8425,35.7398],[35.8413,35.7398],[35.8408,35.7396],[35.8387,35.7397],[35.8368,35.7395],[35.8348,35.7383],[35.8345,35.738],[35.8344,35.7375],[35.8345,35.737],[35.8353,35.7365],[35.8353,35.7358],[35.8351,35.7351],[35.8349,35.735],[35.834,35.735],[35.8334,35.7346],[35.8332,35.7341],[35.8333,35.733],[35.8335,35.7328],[35.8333,35.7326],[35.8335,35.7315],[35.8332,35.729],[35.8328,35.7269],[35.8319,35.7212],[35.8304,35.7154],[35.8297,35.7145],[35.8278,35.7132],[35.8264,35.7127],[35.8241,35.7124],[35.8235,35.7127],[35.8228,35.7125],[35.8224,35.7126],[35.8221,35.7123],[35.8216,35.7123],[35.822,35.7118],[35.8218,35.7118],[35.8203,35.7124],[35.8201,35.712],[35.8196,35.7119],[35.819,35.7116],[35.819,35.7112],[35.8188,35.7111],[35.8184,35.7113],[35.818,35.7111],[35.8175,35.7105],[35.8169,35.7102],[35.8167,35.7102],[35.816,35.7096],[35.8159,35.7092],[35.8164,35.7086],[35.8164,35.7083],[35.8154,35.7079],[35.8156,35.7075],[35.8158,35.7075],[35.8156,35.7079],[35.8161,35.7081],[35.8163,35.7078],[35.8166,35.7079],[35.8169,35.7077],[35.8171,35.7073],[35.8166,35.7067],[35.816,35.7055],[35.8159,35.7054],[35.8159,35.7051],[35.8155,35.7046],[35.8147,35.7043],[35.814,35.7043],[35.8128,35.7038],[35.8125,35.7039],[35.8122,35.7038],[35.8114,35.7046],[35.8111,35.7043],[35.8116,35.7037],[35.8111,35.7037],[35.8111,35.7035],[35.8114,35.7031],[35.8106,35.7029],[35.8099,35.7032],[35.8102,35.7026],[35.8095,35.7023],[35.8086,35.7027],[35.8083,35.7026],[35.8082,35.7021],[35.8079,35.702],[35.8078,35.7018],[35.8084,35.7017],[35.8084,35.7015],[35.8076,35.7011],[35.8075,35.7008],[35.807,35.7007],[35.8069,35.7005],[35.8064,35.7006],[35.806,35.7004],[35.8059,35.7008],[35.8055,35.7007],[35.8054,35.7005],[35.8055,35.7003],[35.8054,35.7001],[35.8055,35.6998],[35.8061,35.6997],[35.8062,35.6994],[35.8061,35.6991],[35.8065,35.6989],[35.8062,35.6979],[35.8057,35.6973],[35.8068,35.6964],[35.807,35.6956],[35.8068,35.6953],[35.8062,35.695],[35.8056,35.6953],[35.8051,35.6953],[35.8046,35.6951],[35.8049,35.6948],[35.8039,35.6942],[35.8039,35.6934],[35.8028,35.6927],[35.8028,35.6924],[35.8024,35.6922],[35.8015,35.6922],[35.8011,35.6924],[35.8011,35.6922],[35.8013,35.6922],[35.8011,35.6919],[35.8004,35.692],[35.8004,35.6915],[35.8001,35.6913],[35.8002,35.6911],[35.7998,35.6908],[35.7998,35.6906],[35.7994,35.6904],[35.8007,35.6893],[35.8009,35.6887],[35.8006,35.688],[35.8003,35.688],[35.8008,35.6877],[35.8004,35.687],[35.7999,35.6868],[35.7994,35.6869],[35.7992,35.6867],[35.7996,35.6865],[35.7995,35.6862],[35.799,35.6864],[35.7987,35.6859],[35.799,35.6855],[35.7987,35.685],[35.7978,35.6846],[35.7975,35.6847],[35.7972,35.685],[35.797,35.6847],[35.7961,35.6849],[35.7959,35.6848],[35.7956,35.6855],[35.7948,35.685],[35.7953,35.6848],[35.7952,35.6847],[35.7955,35.6847],[35.795,35.6846],[35.7953,35.6842],[35.7948,35.684],[35.7945,35.6835],[35.794,35.683],[35.7935,35.6828],[35.7929,35.683],[35.7924,35.6827],[35.7924,35.6823],[35.7919,35.682],[35.7914,35.6823],[35.7911,35.6824],[35.7907,35.6823],[35.7904,35.682],[35.7903,35.6817],[35.7899,35.6816],[35.7894,35.6818],[35.7889,35.6821],[35.7888,35.6827],[35.7893,35.6828],[35.7895,35.6826],[35.7898,35.6829],[35.7899,35.6827],[35.7898,35.6831],[35.7902,35.6832],[35.7904,35.6829],[35.7906,35.683],[35.7903,35.6837],[35.7887,35.683],[35.7883,35.6832],[35.7874,35.6828],[35.7881,35.6826],[35.7885,35.682],[35.7886,35.6816],[35.7882,35.6815],[35.7878,35.6818],[35.7871,35.6819],[35.7854,35.6818],[35.7852,35.6813],[35.7827,35.6811],[35.7822,35.6817],[35.7814,35.6816],[35.7799,35.6805],[35.7792,35.6798],[35.7786,35.6799],[35.7771,35.6795],[35.777,35.6789],[35.7762,35.6782],[35.7744,35.6771],[35.774,35.6765],[35.7722,35.6756],[35.7722,35.6751],[35.7709,35.6741],[35.7702,35.6721],[35.7696,35.6719],[35.7683,35.6697],[35.7683,35.669],[35.7678,35.6669],[35.7682,35.6663],[35.7679,35.6658],[35.7679,35.6649],[35.7684,35.6647],[35.7687,35.6651],[35.7691,35.6651],[35.7696,35.6649],[35.77,35.6644],[35.7689,35.6599],[35.7682,35.6579],[35.7681,35.657],[35.77,35.6563],[35.7708,35.6557],[35.7715,35.6557],[35.7728,35.6561],[35.7736,35.6556],[35.7741,35.6547],[35.7746,35.6545],[35.7751,35.6539],[35.778,35.6512],[35.7783,35.6506],[35.7785,35.6481],[35.7787,35.648],[35.7787,35.6476],[35.779,35.6475],[35.779,35.6472],[35.7792,35.647],[35.7789,35.6463],[35.7791,35.6454],[35.779,35.6448],[35.7792,35.6437],[35.7798,35.6435],[35.7795,35.643],[35.7795,35.6425],[35.7798,35.6416],[35.7798,35.6409],[35.7796,35.6404],[35.7797,35.6393],[35.7801,35.6392],[35.7803,35.6382],[35.7803,35.6371],[35.7821,35.6364],[35.7823,35.6361],[35.7821,35.6358],[35.7824,35.6355],[35.7825,35.635],[35.783,35.6343],[35.783,35.6338],[35.7836,35.6341],[35.7845,35.634],[35.7849,35.6337],[35.785,35.6329],[35.7846,35.6326],[35.7844,35.6317],[35.7832,35.6303],[35.782,35.6303],[35.7816,35.63],[35.7822,35.6296],[35.7828,35.6295],[35.7831,35.6291],[35.7828,35.6277],[35.7832,35.6275],[35.783,35.6272],[35.7818,35.6273],[35.7819,35.6267],[35.7811,35.6258],[35.7804,35.6254],[35.7796,35.6253],[35.7794,35.625],[35.7794,35.6248],[35.78,35.6244],[35.7801,35.6242],[35.7796,35.6226],[35.7792,35.6227],[35.7795,35.6224],[35.7794,35.6215],[35.7784,35.6196],[35.7774,35.6183],[35.7771,35.6183],[35.7773,35.6178],[35.7766,35.6173],[35.776,35.6174],[35.7757,35.617],[35.7749,35.6171],[35.7741,35.6177],[35.7744,35.6181],[35.774,35.6184],[35.7736,35.6183],[35.7728,35.6179],[35.7722,35.617],[35.7728,35.6144],[35.7737,35.6138],[35.7747,35.614],[35.775,35.6137],[35.7748,35.6134],[35.7753,35.613],[35.776,35.6121],[35.776,35.6113],[35.775,35.6108],[35.7756,35.6105],[35.776,35.6099],[35.7758,35.6093],[35.7758,35.6089],[35.7756,35.6083],[35.7736,35.6071],[35.772,35.6069],[35.7711,35.6071],[35.7703,35.6082],[35.7701,35.6082],[35.7701,35.6086],[35.7694,35.6088],[35.7693,35.6076],[35.7685,35.6077],[35.7686,35.6089],[35.7674,35.6094],[35.7672,35.6091],[35.7668,35.6094],[35.7687,35.6113],[35.7702,35.612],[35.77,35.6121],[35.7684,35.6112],[35.7665,35.6095],[35.7662,35.6095],[35.7658,35.6097],[35.7653,35.6097],[35.7642,35.6101],[35.7639,35.61],[35.7633,35.6074],[35.7631,35.6073],[35.7629,35.6064],[35.7621,35.605],[35.7621,35.6047],[35.7629,35.6046],[35.7631,35.6044],[35.763,35.6042],[35.7636,35.6032],[35.7635,35.6032],[35.7626,35.6041],[35.7621,35.604],[35.76,35.6006],[35.7599,35.5999],[35.7594,35.5992],[35.7589,35.5988],[35.7587,35.5981],[35.7593,35.598],[35.7598,35.5985],[35.76,35.5984],[35.7601,35.5982],[35.7597,35.5975],[35.76,35.5972],[35.7607,35.5972],[35.7607,35.5969],[35.7604,35.5966],[35.76,35.5965],[35.7587,35.5966],[35.7578,35.5969],[35.7579,35.5966],[35.7591,35.5954],[35.7591,35.5947],[35.7588,35.5936],[35.7583,35.5928],[35.757,35.5918],[35.7565,35.5916],[35.7559,35.5916],[35.7555,35.5918],[35.7553,35.5921],[35.7551,35.5926],[35.7552,35.5928],[35.7546,35.593],[35.7543,35.5934],[35.7539,35.5933],[35.7532,35.5936],[35.7531,35.5938],[35.7528,35.5937],[35.7519,35.5932],[35.7514,35.5932],[35.7518,35.5927],[35.7516,35.5926],[35.7518,35.5925],[35.7517,35.5922],[35.7522,35.5918],[35.7523,35.5912],[35.7521,35.5907],[35.7518,35.5903],[35.7494,35.5889],[35.7486,35.5887],[35.7476,35.5889],[35.7475,35.5896],[35.7473,35.5896],[35.7475,35.5888],[35.7458,35.5887],[35.7442,35.5891],[35.7446,35.5896],[35.7444,35.5896],[35.7442,35.5892],[35.7435,35.5894],[35.7437,35.5898],[35.7435,35.5894],[35.7431,35.5895],[35.7426,35.5899],[35.7431,35.5903],[35.7433,35.5903],[35.7432,35.5904],[35.7426,35.5899],[35.7424,35.59],[35.7416,35.5908],[35.7417,35.5915],[35.7423,35.592],[35.7421,35.5922],[35.7423,35.5925],[35.7421,35.5925],[35.742,35.593],[35.7408,35.5923],[35.7404,35.5917],[35.7399,35.5916],[35.7394,35.5917],[35.7387,35.5915],[35.7383,35.591],[35.7377,35.5908],[35.7371,35.5902],[35.7366,35.59],[35.7338,35.5881],[35.7335,35.588],[35.7331,35.5882],[35.7324,35.5881],[35.732,35.588],[35.7319,35.5878],[35.7313,35.5876],[35.7297,35.5865],[35.7291,35.5863],[35.7293,35.5861],[35.7302,35.5865],[35.7302,35.586],[35.7285,35.585],[35.7276,35.5847],[35.7266,35.5847],[35.7257,35.5857],[35.7255,35.5857],[35.7258,35.5852],[35.7257,35.585],[35.725,35.5848],[35.724,35.5853],[35.7233,35.5853],[35.7224,35.5857],[35.722,35.5857],[35.7206,35.5863],[35.7203,35.5862],[35.7207,35.5857],[35.7201,35.5854],[35.7197,35.5851],[35.7179,35.5855],[35.7172,35.5864],[35.7166,35.586],[35.718,35.5838],[35.7183,35.584],[35.7183,35.5848],[35.7186,35.585],[35.7197,35.5845],[35.7197,35.5841],[35.7187,35.5833],[35.7185,35.5828],[35.7178,35.5827],[35.7177,35.5825],[35.7183,35.5819],[35.7189,35.5821],[35.7192,35.5823],[35.7203,35.5823],[35.7206,35.5818],[35.7205,35.5809],[35.7202,35.5803],[35.7202,35.5793],[35.7206,35.5787],[35.721,35.5786],[35.7221,35.5791],[35.7224,35.5796],[35.7227,35.5799],[35.7237,35.5801],[35.724,35.58],[35.7237,35.5797],[35.7236,35.5789],[35.7238,35.5789],[35.7244,35.5796],[35.7243,35.5801],[35.7246,35.5804],[35.7296,35.5819],[35.7298,35.5817],[35.7298,35.582],[35.7304,35.582],[35.7315,35.5826],[35.7325,35.5828],[35.7331,35.5833],[35.7341,35.5833],[35.7343,35.5835],[35.7345,35.5835],[35.7345,35.5837],[35.7349,35.5839],[35.7364,35.584],[35.7364,35.5841],[35.7368,35.5843],[35.7379,35.5841],[35.7384,35.5838],[35.7388,35.5836],[35.7387,35.5834],[35.7389,35.5835],[35.7393,35.5834],[35.7406,35.5826],[35.7406,35.5824],[35.7409,35.5825],[35.742,35.5817],[35.744,35.5795],[35.7448,35.5784],[35.7458,35.5754],[35.7454,35.5746],[35.7455,35.5739],[35.7452,35.5735],[35.7448,35.5732],[35.7428,35.5729],[35.7425,35.5731],[35.7423,35.573],[35.742,35.5733],[35.7422,35.5734],[35.7422,35.5735],[35.7418,35.5734],[35.7422,35.5728],[35.7425,35.5721],[35.7423,35.572],[35.7419,35.5721],[35.7423,35.5719],[35.7411,35.5709],[35.7407,35.5709],[35.7399,35.5712],[35.7396,35.5718],[35.74,35.5722],[35.7399,35.5723],[35.7397,35.5723],[35.7394,35.5718],[35.7397,35.5711],[35.7409,35.5706],[35.741,35.5696],[35.7406,35.5686],[35.7402,35.5682],[35.7391,35.5682],[35.7392,35.5676],[35.7387,35.5668],[35.738,35.5664],[35.7378,35.5661],[35.7371,35.5658],[35.737,35.5656],[35.7359,35.565],[35.7354,35.5646],[35.7341,35.564],[35.7334,35.5634],[35.733,35.5627],[35.7331,35.5623],[35.7329,35.562],[35.7328,35.5612],[35.733,35.5612],[35.7328,35.561],[35.7347,35.5601],[35.7351,35.5603],[35.7352,35.5605],[35.7349,35.561],[35.7354,35.5614],[35.7362,35.5616],[35.7379,35.561],[35.739,35.5605],[35.7396,35.5595],[35.7381,35.558],[35.7384,35.558],[35.7386,35.5577],[35.7388,35.5578],[35.7388,35.5577],[35.7386,35.5576],[35.7386,35.5573],[35.7394,35.5572],[35.7396,35.5568],[35.7399,35.5568],[35.7399,35.5573],[35.7405,35.5577],[35.7412,35.5578],[35.7416,35.5577],[35.7431,35.5566],[35.7426,35.5557],[35.743,35.5556],[35.7433,35.5563],[35.7437,35.5562],[35.744,35.556],[35.744,35.5554],[35.7445,35.5553],[35.7445,35.5551],[35.7454,35.5545],[35.7454,35.5543],[35.7458,35.5541],[35.7467,35.554],[35.7472,35.5541],[35.7479,35.5536],[35.7482,35.5532],[35.749,35.5527],[35.7502,35.5514],[35.7505,35.5514],[35.7512,35.551],[35.7512,35.5508],[35.7515,35.5506],[35.752,35.5509],[35.7531,35.5501],[35.7532,35.5501],[35.7529,35.5507],[35.753,35.551],[35.7535,35.5511],[35.7536,35.5508],[35.7535,35.5507],[35.7539,35.5508],[35.7537,35.5508],[35.7536,35.5511],[35.7542,35.5515],[35.7545,35.5511],[35.7547,35.5512],[35.7545,35.5518],[35.7553,35.5519],[35.7563,35.5515],[35.7562,35.5512],[35.7566,35.5497],[35.7563,35.5496],[35.757,35.5494],[35.7569,35.5489],[35.7567,35.5485],[35.7559,35.5482],[35.7553,35.5491],[35.7541,35.5492],[35.754,35.5488],[35.7545,35.5486],[35.7546,35.5481],[35.7546,35.5479],[35.7535,35.5472],[35.7529,35.5473],[35.7528,35.5474],[35.7531,35.5477],[35.7529,35.5478],[35.752,35.5475],[35.752,35.5472],[35.7531,35.5447],[35.7535,35.5447],[35.7533,35.5454],[35.7534,35.5455],[35.7531,35.5454],[35.7528,35.546],[35.7536,35.5463],[35.7539,35.5456],[35.7537,35.5455],[35.7541,35.5456],[35.7547,35.546],[35.7546,35.5468],[35.7554,35.547],[35.756,35.5468],[35.7563,35.5455],[35.7554,35.5449],[35.7562,35.5446],[35.7567,35.544],[35.757,35.5439],[35.7569,35.5441],[35.7572,35.5444],[35.7581,35.5449],[35.7583,35.5453],[35.7581,35.5457],[35.7583,35.5462],[35.7592,35.5465],[35.7599,35.5465],[35.7626,35.545],[35.763,35.5451],[35.7642,35.5443],[35.7631,35.5426],[35.763,35.5418],[35.7632,35.5418],[35.7634,35.5426],[35.7645,35.544],[35.7651,35.5442],[35.766,35.5436],[35.7659,35.5429],[35.7655,35.5423],[35.7645,35.5417],[35.7647,35.5414],[35.7648,35.5414],[35.7647,35.5417],[35.7654,35.5419],[35.7656,35.5414],[35.7651,35.5413],[35.7658,35.5413],[35.766,35.5408],[35.7655,35.5406],[35.7661,35.5408],[35.7664,35.5403],[35.766,35.54],[35.7647,35.5395],[35.7644,35.5397],[35.7638,35.5397],[35.7622,35.5414],[35.7618,35.5414],[35.7618,35.5411],[35.7635,35.5394],[35.7645,35.539],[35.7672,35.5402],[35.7681,35.54],[35.7683,35.5397],[35.7705,35.5383],[35.7709,35.5378],[35.7709,35.5376],[35.7713,35.5375],[35.772,35.5364],[35.7723,35.5358],[35.7725,35.5345],[35.7724,35.5338],[35.772,35.5327],[35.7713,35.532],[35.7655,35.5276],[35.7661,35.5269],[35.7662,35.526],[35.766,35.5259],[35.7663,35.5256],[35.7699,35.5283],[35.7709,35.5274],[35.7685,35.521],[35.7691,35.5209],[35.7672,35.5162],[35.7685,35.5143],[35.7706,35.5146],[35.7719,35.5143],[35.7708,35.5121],[35.7691,35.5125],[35.7686,35.5113],[35.7677,35.5115],[35.7685,35.5134],[35.7662,35.5145],[35.7625,35.5095],[35.7627,35.5095],[35.7617,35.5081],[35.7608,35.5086],[35.7599,35.5095],[35.7596,35.5109],[35.7597,35.5115],[35.763,35.5183],[35.7554,35.532],[35.7555,35.5322],[35.7554,35.5325],[35.7551,35.5326],[35.7548,35.5324],[35.7621,35.5191],[35.7622,35.5187],[35.7621,35.5172],[35.7593,35.5111],[35.7594,35.5097],[35.7598,35.509],[35.7606,35.5084],[35.7628,35.5073],[35.7627,35.5071],[35.7636,35.5062],[35.7636,35.506],[35.7637,35.5059],[35.7636,35.5058],[35.7636,35.5057],[35.7645,35.5057],[35.7648,35.5055],[35.7649,35.5059],[35.7654,35.5057],[35.7655,35.5055],[35.7657,35.5055],[35.7659,35.5057],[35.7663,35.5057],[35.7672,35.5053],[35.7671,35.5051],[35.7678,35.5048],[35.7679,35.5045],[35.7681,35.5047],[35.7699,35.5044],[35.7705,35.5038],[35.7708,35.5037],[35.772,35.5028],[35.7727,35.502],[35.773,35.502],[35.7734,35.5014],[35.7739,35.5013],[35.7739,35.501],[35.7745,35.5004],[35.7751,35.5001],[35.7753,35.4998],[35.7756,35.4997],[35.7756,35.4995],[35.7762,35.4994],[35.7766,35.4991],[35.7766,35.4989],[35.7768,35.4988],[35.7767,35.4986],[35.7769,35.4987],[35.7769,35.4979],[35.7772,35.4977],[35.7771,35.4973],[35.7773,35.4972],[35.7775,35.4974],[35.7782,35.4965],[35.7788,35.4965],[35.7787,35.4962],[35.7794,35.4964],[35.7798,35.497],[35.7801,35.4968],[35.7805,35.4975],[35.7806,35.4974],[35.7809,35.4986],[35.7815,35.4986],[35.7816,35.4981],[35.7822,35.4989],[35.7823,35.4995],[35.7821,35.4996],[35.7816,35.5001],[35.7816,35.5003],[35.7818,35.5005],[35.7816,35.5008],[35.7819,35.501],[35.7822,35.501],[35.782,35.5013],[35.7824,35.5015],[35.7824,35.5017],[35.7828,35.5017],[35.7826,35.5029],[35.7826,35.5031],[35.7828,35.5031],[35.7837,35.5058],[35.784,35.5061],[35.7847,35.5063],[35.7876,35.5065],[35.7877,35.5068],[35.7907,35.5067],[35.7917,35.5065],[35.7925,35.5061],[35.7931,35.5061],[35.7937,35.5064],[35.7945,35.5063],[35.798,35.5052],[35.7981,35.5054],[35.7986,35.5051],[35.7987,35.5053],[35.7992,35.505],[35.7995,35.5052],[35.8001,35.505],[35.8014,35.5045],[35.8014,35.5043],[35.8019,35.504],[35.8024,35.5042],[35.8062,35.5023],[35.8103,35.4998],[35.8109,35.4997],[35.8168,35.4964],[35.8382,35.483],[35.8451,35.4785],[35.8545,35.4722],[35.8727,35.4588],[35.8899,35.4445],[35.8952,35.4392],[35.8957,35.4391],[35.9027,35.4326],[35.9088,35.4262],[35.9115,35.4226],[35.9132,35.42],[35.9135,35.42],[35.9141,35.4193],[35.9141,35.4189],[35.9145,35.4185],[35.9148,35.4177],[35.9151,35.4164],[35.9148,35.4148],[35.9152,35.4145],[35.9146,35.4139],[35.9139,35.4138],[35.9132,35.4134],[35.9129,35.4134],[35.9123,35.4142],[35.9116,35.414],[35.9112,35.4132],[35.9111,35.4112],[35.9112,35.4107],[35.9119,35.4098],[35.9128,35.4095],[35.9135,35.4086],[35.9134,35.4078],[35.9157,35.402],[35.9156,35.4016],[35.9157,35.4009],[35.9159,35.401],[35.9159,35.4016],[35.9163,35.4017],[35.9168,35.4006],[35.9162,35.4002],[35.9158,35.4008],[35.9156,35.4007],[35.9158,35.3996],[35.9164,35.3988],[35.9162,35.3979],[35.9165,35.3977],[35.9166,35.3973],[35.9163,35.3963],[35.9166,35.395],[35.9186,35.3947],[35.9186,35.3944],[35.9171,35.3944],[35.9168,35.394],[35.9169,35.3934],[35.9164,35.3932],[35.9173,35.39],[35.9177,35.3892],[35.9183,35.3892],[35.9199,35.3889],[35.92,35.3887],[35.9185,35.3883],[35.9186,35.3875],[35.9188,35.3871],[35.919,35.3873],[35.9204,35.3865],[35.9205,35.3857],[35.9204,35.3853],[35.9202,35.3854],[35.9203,35.3852],[35.9202,35.3849],[35.919,35.3847],[35.9187,35.3842],[35.9187,35.3837],[35.9188,35.3835],[35.9192,35.3838],[35.9195,35.3836],[35.9206,35.3834],[35.9202,35.3831],[35.9208,35.3824],[35.9207,35.3818],[35.9214,35.3813],[35.9211,35.3805],[35.9212,35.3796],[35.9205,35.3789],[35.92,35.3787],[35.9194,35.379],[35.919,35.379],[35.9178,35.3787],[35.9175,35.3784],[35.9177,35.3761],[35.9181,35.3753],[35.9185,35.3752],[35.9177,35.3728],[35.9179,35.3716],[35.9176,35.3702],[35.9177,35.3699],[35.9183,35.3694],[35.9185,35.3694],[35.9192,35.3681],[35.9195,35.3647],[35.9193,35.3617],[35.9195,35.3613],[35.9188,35.3606],[35.919,35.3605],[35.9194,35.3608],[35.9201,35.3597],[35.9205,35.3598],[35.9206,35.36],[35.9211,35.3599],[35.9211,35.3591],[35.9209,35.359],[35.9187,35.3595],[35.9184,35.3598],[35.9183,35.3608],[35.9179,35.3607],[35.9182,35.3594],[35.9197,35.3591],[35.9199,35.3588],[35.9198,35.3585],[35.9201,35.3582],[35.9198,35.3578],[35.9196,35.3559],[35.9192,35.3557],[35.9192,35.3552],[35.9195,35.3553],[35.9199,35.3551],[35.9198,35.3546],[35.9194,35.3541],[35.9197,35.3528],[35.9206,35.3528],[35.9206,35.3526],[35.9192,35.3524],[35.9189,35.352],[35.9196,35.352],[35.9198,35.3513],[35.9196,35.3501],[35.9198,35.3495],[35.9197,35.3492],[35.9202,35.3486],[35.92,35.3475],[35.9208,35.3469],[35.9212,35.3461],[35.9217,35.346],[35.9224,35.3461],[35.9227,35.3456],[35.9225,35.3452],[35.9221,35.345],[35.9209,35.3451],[35.9204,35.3451],[35.9201,35.3448],[35.9205,35.3447],[35.9199,35.3435],[35.9199,35.3432],[35.9193,35.3431],[35.9192,35.3427],[35.9198,35.3428],[35.9199,35.3425],[35.9193,35.3423],[35.9192,35.3421],[35.9194,35.3419],[35.9197,35.3419],[35.9199,35.341],[35.9195,35.3406],[35.9194,35.3394],[35.9196,35.3387],[35.92,35.3386],[35.92,35.3383],[35.9195,35.3381],[35.9194,35.3353],[35.92,35.3353],[35.9196,35.3338],[35.9202,35.3307],[35.9211,35.3303],[35.922,35.3304],[35.9228,35.33],[35.9233,35.3295],[35.923,35.329],[35.9231,35.3284],[35.9223,35.3273],[35.9224,35.3271],[35.9227,35.3273],[35.9248,35.3263],[35.9258,35.3271],[35.9258,35.3273],[35.9255,35.3273],[35.9257,35.3274],[35.9262,35.3274],[35.926,35.327],[35.9253,35.3263],[35.9258,35.3264],[35.9258,35.3262],[35.9251,35.3259],[35.9246,35.3259],[35.9235,35.3265],[35.9216,35.3269],[35.9215,35.3272],[35.9209,35.3274],[35.9201,35.3279],[35.9198,35.3279],[35.9195,35.3267],[35.9196,35.3263],[35.9199,35.3261],[35.92,35.3253],[35.9197,35.3246],[35.9199,35.3225],[35.9201,35.322],[35.9207,35.3215],[35.9202,35.3209],[35.92,35.3204],[35.9201,35.3198],[35.9198,35.3195],[35.9198,35.3191],[35.9201,35.3191],[35.9205,35.3186],[35.9208,35.3185],[35.9211,35.3181],[35.9219,35.318],[35.9219,35.3178],[35.9213,35.3179],[35.9206,35.3176],[35.9202,35.3166],[35.9202,35.3164],[35.9206,35.3162],[35.9208,35.3164],[35.9208,35.3168],[35.9211,35.3168],[35.9212,35.316],[35.9208,35.3158],[35.9201,35.3159],[35.9201,35.3156],[35.9206,35.3155],[35.9206,35.315],[35.9198,35.3148],[35.9196,35.3119],[35.9194,35.3112],[35.9194,35.3104],[35.9198,35.3101],[35.92,35.3094],[35.9206,35.3092],[35.9212,35.3082],[35.9217,35.3084],[35.9218,35.3087],[35.9223,35.3086],[35.9226,35.3084],[35.9229,35.3084],[35.9234,35.3082],[35.9235,35.3078],[35.9234,35.3073],[35.9231,35.3069],[35.9216,35.307],[35.9209,35.3068],[35.9208,35.3064],[35.9212,35.3055],[35.9211,35.3053],[35.9213,35.3051],[35.9212,35.3048],[35.9217,35.3048],[35.9219,35.3052],[35.9222,35.3051],[35.9223,35.3048],[35.9227,35.3048],[35.9233,35.3043],[35.9233,35.3038],[35.9231,35.3035],[35.9226,35.3035],[35.9223,35.3032],[35.9218,35.3032],[35.9212,35.3038],[35.9205,35.3032],[35.9203,35.3027],[35.9201,35.3014],[35.9206,35.2999],[35.9211,35.2998],[35.9213,35.2995],[35.9216,35.2982],[35.9219,35.298],[35.9221,35.2965],[35.9226,35.2955],[35.9229,35.2953],[35.9231,35.295],[35.9225,35.2945],[35.9227,35.2943],[35.9227,35.2939],[35.9229,35.2938],[35.9233,35.294],[35.9236,35.2938],[35.9236,35.2934],[35.9233,35.2929],[35.9231,35.2928],[35.9229,35.293],[35.9222,35.2928],[35.9224,35.2926],[35.9225,35.2918],[35.9227,35.2915],[35.9228,35.2912],[35.9223,35.2902],[35.922,35.2901],[35.9212,35.2901],[35.921,35.2899],[35.9216,35.2885],[35.9216,35.2879],[35.9212,35.2875],[35.9216,35.2872],[35.9217,35.2849],[35.9214,35.2844],[35.9207,35.284],[35.9205,35.2827],[35.9207,35.2795],[35.9206,35.2793],[35.9203,35.2792],[35.9202,35.2788],[35.9204,35.2785],[35.9212,35.2752],[35.9217,35.2748],[35.922,35.2728],[35.9228,35.272],[35.9236,35.2683],[35.9237,35.267],[35.9241,35.267],[35.9243,35.2671],[35.9248,35.2669],[35.9247,35.2663],[35.9244,35.266],[35.9246,35.2657],[35.9247,35.2648],[35.9253,35.2645],[35.9256,35.2641],[35.9254,35.2639],[35.9259,35.2638],[35.9258,35.2636],[35.9249,35.2638],[35.9244,35.2637],[35.9241,35.2635],[35.9242,35.2628],[35.9246,35.2624],[35.9248,35.262],[35.9253,35.262],[35.9253,35.2619],[35.925,35.2619],[35.9252,35.2618],[35.9251,35.2614],[35.9253,35.2614],[35.9255,35.2612],[35.9259,35.2614],[35.9257,35.2615],[35.926,35.2617],[35.926,35.2623],[35.9258,35.2625],[35.9261,35.2628],[35.9274,35.2628],[35.9276,35.263],[35.928,35.2631],[35.9293,35.2625],[35.9309,35.2614],[35.9317,35.2607],[35.9329,35.259],[35.9331,35.2584],[35.9337,35.2575],[35.9399,35.2573],[35.9395,35.2579]]]]},"properties":{"province_name":"Lattakia"}},{"type":"Feature","geometry":{"type":"Polygon","coordinates":[[[40.5249,35.8196],[40.576,35.7804],[40.7103,35.6716],[40.7205,35.6667],[40.7375,35.6567],[40.7414,35.6508],[40.7444,35.6486],[40.7561,35.6355],[40.7669,35.6297],[40.7825,35.623],[40.8081,35.61],[40.825,35.6039],[40.8447,35.5994],[40.8825,35.5942],[40.9055,35.5878],[40.9228,35.5819],[40.9425,35.5772],[40.9639,35.5739],[41.0017,35.5689],[41.0689,35.5647],[41.1528,35.5639],[41.1714,35.5656],[41.2055,35.5653],[41.2653,35.5586],[41.2986,35.5539],[41.3132,35.5531],[41.3238,35.5536],[41.3364,35.5689],[41.382,35.6253],[41.3784,35.7051],[41.3729,35.7906],[41.3701,35.8357],[41.3694,35.8436],[41.3366,35.9066],[41.3305,35.9177],[41.2558,36.06],[41.2729,36.1828],[41.2745,36.2006],[41.2749,36.2023],[41.2757,36.2098],[41.2757,36.2111],[41.2782,36.2365],[41.2796,36.248],[41.2812,36.2649],[41.2821,36.2712],[41.2823,36.2753],[41.2835,36.2879],[41.2845,36.2963],[41.2839,36.3044],[41.2841,36.321],[41.2863,36.3283],[41.2861,36.3287],[41.2859,36.3294],[41.2865,36.3311],[41.2863,36.3319],[41.2866,36.3332],[41.2863,36.3342],[41.2865,36.3349],[41.2874,36.3355],[41.2891,36.3374],[41.2888,36.3379],[41.2892,36.3396],[41.2901,36.3409],[41.291,36.3415],[41.2919,36.3431],[41.2928,36.3441],[41.2935,36.3455],[41.2939,36.3459],[41.2965,36.3461],[41.297,36.3464],[41.2967,36.3477],[41.2957,36.3484],[41.2959,36.3495],[41.2964,36.3502],[41.298,36.3504],[41.2998,36.349],[41.3003,36.3498],[41.3,36.352],[41.3005,36.3535],[41.3002,36.3556],[41.3001,36.3559],[41.2996,36.3559],[41.2991,36.3561],[41.2991,36.3568],[41.2969,36.3574],[41.2966,36.3577],[41.2965,36.3586],[41.296,36.3593],[41.296,36.3598],[41.2963,36.36],[41.2964,36.3605],[41.2962,36.3606],[41.2962,36.3611],[41.2944,36.3624],[41.2944,36.3627],[41.2941,36.3629],[41.2939,36.3648],[41.2948,36.3662],[41.2949,36.3668],[41.2953,36.3671],[41.2999,36.3738],[41.3407,36.4354],[41.3476,36.4461],[41.3612,36.4663],[41.3658,36.4735],[41.3685,36.4772],[41.3919,36.5126],[41.3946,36.5162],[41.3998,36.5225],[41.4022,36.5241],[41.4629,36.5335],[41.4845,36.537],[41.5057,36.5399],[41.5225,36.5429],[41.5526,36.5473],[41.5746,36.5508],[41.6898,36.5684],[41.8172,36.5876],[41.8857,36.6366],[41.8975,36.6474],[41.9417,36.6866],[41.9429,36.6872],[41.9446,36.6875],[41.9652,36.6981],[41.9682,36.6992],[41.9703,36.7006],[41.9716,36.7055],[41.9724,36.7066],[41.9734,36.7065],[41.974,36.7069],[41.9752,36.7067],[41.9757,36.7079],[41.9786,36.7068],[41.9796,36.7102],[41.9998,36.7386],[42.0299,36.7653],[42.0617,36.794],[42.0874,36.8166],[42.1362,36.8603],[42.1465,36.8693],[42.1666,36.8873],[42.1985,36.9153],[42.2004,36.9169],[42.2084,36.924],[42.2104,36.926],[42.2184,36.9329],[42.2355,36.948],[42.2486,36.9601],[42.26,36.9699],[42.3127,37.0165],[42.3146,37.0184],[42.3162,37.0196],[42.3168,37.0202],[42.323,37.0255],[42.324,37.0266],[42.3247,37.027],[42.3251,37.0276],[42.3286,37.0305],[42.3305,37.0324],[42.3337,37.035],[42.3365,37.0382],[42.3426,37.0429],[42.3482,37.048],[42.3539,37.053],[42.3545,37.0536],[42.3552,37.0542],[42.3555,37.0542],[42.3564,37.0549],[42.3569,37.0557],[42.3586,37.0562],[42.3601,37.0563],[42.3621,37.057],[42.3631,37.0578],[42.3635,37.0584],[42.3646,37.059],[42.365,37.0595],[42.3656,37.0599],[42.3667,37.0602],[42.3675,37.0608],[42.3687,37.0607],[42.3685,37.0632],[42.369,37.0648],[42.3716,37.0685],[42.3745,37.0744],[42.3746,37.0751],[42.3741,37.0765],[42.3732,37.0775],[42.3709,37.0792],[42.3696,37.0798],[42.3664,37.0807],[42.3639,37.0819],[42.3562,37.084],[42.3532,37.0852],[42.352,37.0863],[42.3513,37.0872],[42.3505,37.0891],[42.3505,37.0904],[42.3517,37.0923],[42.3525,37.094],[42.3527,37.0947],[42.3526,37.0959],[42.3522,37.0975],[42.3513,37.1],[42.3514,37.1018],[42.3508,37.1041],[42.3501,37.1061],[42.349,37.1072],[42.3485,37.1085],[42.3483,37.1097],[42.3488,37.1113],[42.3506,37.116],[42.3522,37.1184],[42.3536,37.1196],[42.3545,37.121],[42.3548,37.122],[42.355,37.1227],[42.355,37.1243],[42.3544,37.1272],[42.3543,37.1296],[42.3541,37.1302],[42.3528,37.1324],[42.3517,37.1336],[42.3504,37.1344],[42.3484,37.1347],[42.3476,37.1351],[42.3453,37.1368],[42.3429,37.1397],[42.3412,37.142],[42.3359,37.1474],[42.3302,37.1544],[42.3299,37.1551],[42.3297,37.1558],[42.3297,37.1577],[42.3295,37.1594],[42.3298,37.1615],[42.3306,37.1626],[42.3309,37.1636],[42.331,37.1642],[42.3306,37.1655],[42.3301,37.1668],[42.3284,37.1693],[42.3265,37.1715],[42.3237,37.1755],[42.3229,37.177],[42.3213,37.181],[42.3204,37.1833],[42.3202,37.1847],[42.3204,37.1868],[42.3208,37.188],[42.3219,37.1901],[42.326,37.1957],[42.3305,37.2023],[42.332,37.204],[42.3354,37.2073],[42.3373,37.2096],[42.3378,37.21],[42.3459,37.2131],[42.347,37.2136],[42.3479,37.2143],[42.348,37.2151],[42.3478,37.2158],[42.3474,37.2165],[42.3469,37.2172],[42.3452,37.2183],[42.342,37.2196],[42.3405,37.2206],[42.34,37.2214],[42.34,37.2232],[42.3404,37.2247],[42.3414,37.227],[42.3431,37.2299],[42.343,37.2315],[42.3427,37.2324],[42.3409,37.2353],[42.3404,37.236],[42.3378,37.2381],[42.3366,37.2385],[42.333,37.2384],[42.3309,37.239],[42.3227,37.243],[42.3185,37.2452],[42.3166,37.2464],[42.3156,37.2475],[42.3106,37.2565],[42.3088,37.2583],[42.3066,37.2598],[42.3043,37.2606],[42.2997,37.2614],[42.2968,37.2615],[42.2935,37.2612],[42.2923,37.2615],[42.2916,37.262],[42.2899,37.2639],[42.2894,37.2647],[42.2891,37.2658],[42.2884,37.2727],[42.288,37.2748],[42.2875,37.2762],[42.286,37.2789],[42.2846,37.2811],[42.2837,37.2819],[42.2831,37.2821],[42.2822,37.2822],[42.2815,37.2821],[42.28,37.2816],[42.2699,37.2743],[42.2681,37.2734],[42.2657,37.2725],[42.2606,37.2713],[42.2591,37.2715],[42.2573,37.2722],[42.2444,37.2798],[42.2411,37.2813],[42.237,37.2827],[42.2355,37.2828],[42.2338,37.2825],[42.2313,37.2816],[42.2237,37.2785],[42.2204,37.2776],[42.2179,37.2772],[42.2142,37.2772],[42.2109,37.2776],[42.2084,37.2785],[42.2072,37.2791],[42.2066,37.2796],[42.205,37.2802],[42.2049,37.2808],[42.2052,37.2814],[42.2065,37.2823],[42.2078,37.2835],[42.2081,37.284],[42.2081,37.2846],[42.2074,37.2865],[42.2076,37.2905],[42.2079,37.2917],[42.2095,37.2945],[42.2115,37.2972],[42.214,37.3001],[42.2204,37.3062],[42.2225,37.3078],[42.2247,37.3088],[42.2254,37.3108],[42.2257,37.3127],[42.2255,37.3147],[42.2249,37.316],[42.2239,37.3172],[42.222,37.3182],[42.2212,37.3184],[42.2199,37.3185],[42.2114,37.3187],[42.2071,37.3185],[42.207,37.3178],[42.206,37.3163],[42.2049,37.3159],[42.2031,37.3161],[42.2014,37.3149],[42.2009,37.3145],[42.2012,37.3133],[42.1995,37.3113],[42.1966,37.3113],[42.1964,37.3112],[42.1951,37.3081],[42.195,37.3068],[42.1948,37.3061],[42.1916,37.3031],[42.1917,37.3023],[42.191,37.2996],[42.1922,37.2987],[42.1923,37.298],[42.1911,37.2968],[42.1904,37.2944],[42.1873,37.2906],[42.1849,37.2872],[42.1825,37.285],[42.1647,37.2729],[42.1542,37.2653],[42.1358,37.251],[42.1294,37.2459],[42.1254,37.2444],[42.1217,37.242],[42.1175,37.2388],[42.1028,37.2269],[42.0986,37.2239],[42.0964,37.2211],[42.0928,37.216],[42.0918,37.2121],[42.0911,37.2103],[42.0905,37.2091],[42.0892,37.2075],[42.0881,37.2069],[42.0797,37.2075],[42.0772,37.2069],[42.0747,37.2059],[42.073,37.205],[42.0642,37.2015],[42.0602,37.1995],[42.0566,37.198],[42.0536,37.1961],[42.0489,37.1922],[42.0454,37.1884],[42.0429,37.1865],[42.0361,37.1824],[42.0346,37.1818],[42.0315,37.1811],[42.0245,37.1812],[42.0079,37.1797],[42.0067,37.1799],[42.0055,37.1814],[42.0052,37.1815],[42.0033,37.1814],[41.9996,37.1793],[41.9983,37.1781],[41.9973,37.1769],[41.9952,37.1754],[41.9913,37.1741],[41.9889,37.1726],[41.982,37.1713],[41.9789,37.1703],[41.975,37.1676],[41.9704,37.1648],[41.9686,37.163],[41.9656,37.1615],[41.9625,37.1604],[41.9548,37.1585],[41.9519,37.1576],[41.9496,37.1572],[41.9444,37.1571],[41.9336,37.1576],[41.9304,37.158],[41.9237,37.157],[41.9168,37.1555],[41.8942,37.1499],[41.8801,37.1463],[41.8747,37.1448],[41.8597,37.142],[41.8577,37.1415],[41.8488,37.1408],[41.8242,37.1378],[41.8162,37.1349],[41.8109,37.1345],[41.8064,37.1338],[41.8036,37.1326],[41.802,37.1316],[41.7935,37.1279],[41.7411,37.121],[41.7287,37.119],[41.7162,37.1166],[41.7095,37.1162],[41.7005,37.1148],[41.6944,37.1141],[41.6902,37.1141],[41.6882,37.1147],[41.6839,37.1153],[41.6772,37.1157],[41.6609,37.1182],[41.6596,37.1182],[41.6368,37.1142],[41.6357,37.1138],[41.6308,37.1089],[41.6302,37.1085],[41.6279,37.1087],[41.6231,37.1102],[41.6185,37.1101],[41.6124,37.1093],[41.6038,37.1071],[41.5947,37.102],[41.5854,37.0996],[41.5817,37.098],[41.5738,37.0935],[41.5682,37.0918],[41.5643,37.0902],[41.5535,37.0864],[41.5484,37.0849],[41.5445,37.0851],[41.5379,37.0844],[41.532,37.084],[41.5234,37.0832],[41.5224,37.0829],[41.5217,37.0824],[41.5192,37.0789],[41.5179,37.0779],[41.5175,37.0777],[41.5134,37.0776],[41.5074,37.0784],[41.4918,37.0788],[41.4859,37.0793],[41.4746,37.0797],[41.4504,37.0798],[41.3792,37.079],[41.3782,37.0789],[41.3752,37.0779],[41.373,37.0759],[41.3703,37.0753],[41.3599,37.0767],[41.3544,37.0779],[41.3516,37.0789],[41.3493,37.0787],[41.3477,37.079],[41.3171,37.0801],[41.3136,37.08],[41.3047,37.0805],[41.2943,37.0808],[41.285,37.0805],[41.2796,37.0802],[41.2776,37.0793],[41.2765,37.0791],[41.2724,37.0785],[41.2707,37.0786],[41.2689,37.0796],[41.2669,37.0797],[41.2635,37.0794],[41.2551,37.078],[41.2488,37.0776],[41.2468,37.0769],[41.2429,37.0765],[41.2416,37.0759],[41.2398,37.0761],[41.2375,37.0758],[41.2315,37.0737],[41.2214,37.0697],[41.2216,37.0693],[41.223,37.0686],[41.2229,37.0678],[41.2182,37.062],[41.1981,37.0638],[41.1985,37.0794],[41.1984,37.0798],[41.1981,37.0802],[41.1892,37.0839],[41.1869,37.0846],[41.182,37.0855],[41.1798,37.0862],[41.1731,37.0898],[41.1723,37.0897],[41.1699,37.0877],[41.1679,37.0881],[41.1678,37.0885],[41.1682,37.0925],[41.1672,37.0931],[41.1649,37.0941],[41.1629,37.0947],[41.1471,37.0973],[41.1447,37.0975],[41.1416,37.097],[41.1373,37.0953],[41.1347,37.0947],[41.1324,37.095],[41.129,37.0968],[41.128,37.0971],[41.127,37.0971],[41.1257,37.0968],[41.12,37.0942],[41.1174,37.0941],[41.1108,37.0961],[41.11,37.0962],[41.1092,37.096],[41.1064,37.0946],[41.1059,37.0945],[41.1049,37.0949],[41.1047,37.0953],[41.1057,37.0969],[41.1057,37.0973],[41.1054,37.0975],[41.0945,37.1007],[41.0921,37.1011],[41.0917,37.1008],[41.0924,37.0994],[41.0923,37.099],[41.0895,37.0992],[41.0885,37.0998],[41.0876,37.1013],[41.0866,37.1018],[41.0815,37.1027],[41.0748,37.1035],[41.0647,37.1059],[41.0469,37.1096],[41.0123,37.1155],[41.0093,37.1157],[40.9821,37.1158],[40.9747,37.1178],[40.9662,37.1199],[40.9154,37.1313],[40.9089,37.132],[40.9036,37.1315],[40.8913,37.1282],[40.889,37.1278],[40.8863,37.1279],[40.8772,37.129],[40.8727,37.1288],[40.8494,37.1224],[40.8486,37.1221],[40.8471,37.1212],[40.8464,37.1205],[40.8457,37.1194],[40.8455,37.1189],[40.8452,37.1177],[40.8442,37.1126],[40.8428,37.1105],[40.8417,37.1097],[40.8372,37.1072],[40.8363,37.1068],[40.8346,37.1065],[40.833,37.1066],[40.8322,37.1068],[40.8226,37.1105],[40.8214,37.1112],[40.8201,37.1124],[40.8196,37.1131],[40.816,37.1209],[40.8125,37.1252],[40.8117,37.1256],[40.8097,37.1257],[40.8085,37.1255],[40.8039,37.1221],[40.8014,37.1199],[40.8001,37.1193],[40.7982,37.119],[40.7959,37.1193],[40.7759,37.1225],[40.774,37.1234],[40.7701,37.1269],[40.7696,37.1272],[40.7688,37.1274],[40.7653,37.1274],[40.7644,37.127],[40.763,37.1259],[40.7625,37.1253],[40.7564,37.1123],[40.7551,37.1108],[40.7533,37.1097],[40.7518,37.1093],[40.7493,37.1092],[40.7477,37.1095],[40.7444,37.1107],[40.7421,37.1108],[40.732,37.1089],[40.7258,37.1084],[40.7224,37.1079],[40.72,37.1072],[40.715,37.1048],[40.7124,37.104],[40.7101,37.1037],[40.7006,37.1041],[40.6977,37.1038],[40.6955,37.1032],[40.694,37.1024],[40.6894,37.0998],[40.6843,37.0964],[40.6805,37.0935],[40.6773,37.0917],[40.6484,37.0793],[40.6417,37.0765],[40.6371,37.0747],[40.6321,37.0726],[40.6291,37.071],[40.6267,37.0696],[40.6204,37.0652],[40.6185,37.0642],[40.617,37.0637],[40.6153,37.0635],[40.5936,37.0627],[40.5914,37.0624],[40.5893,37.0618],[40.5873,37.0607],[40.5712,37.0492],[40.5324,37.0289],[40.53,37.0279],[40.529,37.0277],[40.5214,37.0269],[40.4192,37.0163],[40.419,37.016],[40.4196,37.0127],[40.4197,37.0121],[40.4196,37.0119],[40.4161,37.0117],[40.4155,37.0157],[40.4134,37.0152],[40.4121,37.0147],[40.4084,37.0128],[40.4012,37.0096],[40.3992,37.0085],[40.3987,37.008],[40.3865,36.9953],[40.383,36.9915],[40.3824,36.9901],[40.382,36.9888],[40.3815,36.9853],[40.3812,36.9841],[40.3791,36.9796],[40.3775,36.9783],[40.3739,36.9757],[40.36,36.965],[40.3565,36.9626],[40.3535,36.9612],[40.3511,36.9606],[40.3488,36.9601],[40.3467,36.96],[40.3431,36.9595],[40.3413,36.9591],[40.3383,36.958],[40.307,36.9394],[40.2726,36.9242],[40.2671,36.9216],[40.2618,36.9197],[40.2409,36.9158],[40.2387,36.915],[40.2367,36.9138],[40.2231,36.9025],[40.2189,36.8997],[40.1961,36.8876],[40.1923,36.8848],[40.187,36.88],[40.1843,36.8781],[40.1817,36.8771],[40.1453,36.8695],[40.1119,36.8674],[40.1014,36.8647],[40.0787,36.8584],[40.0761,36.8578],[40.0633,36.8563],[40.0621,36.856],[40.0605,36.8552],[40.0592,36.8539],[40.0583,36.8522],[40.0565,36.8477],[40.0547,36.8452],[40.0527,36.843],[40.0526,36.8427],[40.0524,36.8425],[40.0522,36.8426],[40.051,36.8413],[40.0491,36.8402],[40.0358,36.8295],[40.0353,36.8294],[40.0351,36.8292],[40.0352,36.8291],[40.0351,36.8289],[40.0331,36.8275],[40.0313,36.8266],[40.0287,36.8258],[40.0029,36.8229],[39.9992,36.8223],[39.9881,36.8184],[39.9296,36.7968],[39.9285,36.7969],[39.9283,36.7966],[39.876,36.7832],[39.8558,36.7767],[39.8548,36.7763],[39.8546,36.7758],[39.8533,36.775],[39.852,36.7739],[39.8491,36.7727],[39.8483,36.7722],[39.8473,36.7719],[39.8386,36.7642],[39.8372,36.7632],[39.8352,36.7623],[39.828,36.7601],[39.8229,36.7574],[39.821,36.7566],[39.8194,36.7562],[39.8173,36.756],[39.7151,36.7503],[39.7088,36.749],[39.6836,36.7385],[39.6405,36.7246],[39.6389,36.7244],[39.6327,36.7242],[39.6249,36.7236],[39.6112,36.7235],[39.5977,36.7231],[39.5956,36.7229],[39.5451,36.7136],[39.4913,36.7001],[39.439,36.6968],[39.4428,36.6814],[39.4469,36.6758],[39.4497,36.6694],[39.4522,36.6669],[39.4608,36.6519],[39.4633,36.6372],[39.4656,36.6305],[39.4692,36.6244],[39.4786,36.6142],[39.4919,36.6019],[39.5014,36.5914],[39.5164,36.5719],[39.5278,36.5628],[39.5344,36.5586],[39.5461,36.5536],[39.5569,36.5517],[39.5678,36.5508],[39.5817,36.5519],[39.5944,36.5544],[39.6097,36.5597],[39.618,36.5614],[39.6233,36.5611],[39.6375,36.5572],[39.6528,36.5497],[39.6694,36.5433],[39.7206,36.5292],[39.7286,36.5258],[39.7464,36.5206],[39.7589,36.5155],[39.7655,36.5117],[39.7717,36.5072],[39.7789,36.5033],[39.7936,36.4919],[39.8017,36.4806],[39.8028,36.4772],[39.8043,36.4635],[39.8094,36.4492],[39.8147,36.44],[39.8169,36.4375],[39.8197,36.4311],[39.8222,36.4286],[39.8297,36.4169],[39.8369,36.4086],[39.8425,36.4],[39.8586,36.3814],[39.8619,36.3747],[39.8661,36.3692],[39.8747,36.3542],[39.8805,36.3456],[39.8917,36.3322],[39.9086,36.318],[39.9128,36.3122],[39.9181,36.3075],[39.9197,36.305],[39.9325,36.2955],[39.9995,36.2178],[40.0029,36.2078],[40.0055,36.199],[40.0035,36.1934],[40.1689,36.1078],[40.3916,35.9294],[40.5249,35.8196]]]},"properties":{"province_name":"Al Ḥasakah"}},{"type":"Feature","geometry":{"type":"Polygon","coordinates":[[[41.2086,35.1428],[41.2137,35.1714],[41.2137,35.1736],[41.2142,35.1751],[41.2176,35.2002],[41.2182,35.2245],[41.2196,35.2591],[41.2428,35.3208],[41.2544,35.3527],[41.2596,35.3661],[41.2657,35.3838],[41.2557,35.4181],[41.2586,35.4359],[41.2601,35.4419],[41.2609,35.4497],[41.2611,35.4549],[41.2639,35.4611],[41.2654,35.4629],[41.2674,35.467],[41.268,35.485],[41.3238,35.5536],[41.3132,35.5531],[41.2986,35.5539],[41.2653,35.5586],[41.2055,35.5653],[41.1714,35.5656],[41.1528,35.5639],[41.0689,35.5647],[41.0017,35.5689],[40.9639,35.5739],[40.9425,35.5772],[40.9228,35.5819],[40.9055,35.5878],[40.8825,35.5942],[40.8447,35.5994],[40.825,35.6039],[40.8081,35.61],[40.7825,35.623],[40.7669,35.6297],[40.7561,35.6355],[40.7444,35.6486],[40.7414,35.6508],[40.7375,35.6567],[40.7205,35.6667],[40.7103,35.6716],[40.576,35.7804],[40.5249,35.8196],[40.3916,35.9294],[40.1689,36.1078],[40.0035,36.1934],[40.0055,36.199],[40.0029,36.2078],[39.9995,36.2178],[39.9325,36.2955],[39.9197,36.305],[39.9181,36.3075],[39.9128,36.3122],[39.9086,36.318],[39.8917,36.3322],[39.8805,36.3456],[39.8747,36.3542],[39.8661,36.3692],[39.8619,36.3747],[39.8586,36.3814],[39.8425,36.4],[39.8369,36.4086],[39.8297,36.4169],[39.8222,36.4286],[39.8197,36.4311],[39.8169,36.4375],[39.8147,36.44],[39.8094,36.4492],[39.8043,36.4635],[39.6853,36.21],[39.6251,36.0904],[39.69,35.8143],[39.6777,35.7883],[39.6828,35.773],[39.6714,35.7706],[39.6588,35.7656],[39.6517,35.7652],[39.6192,35.7382],[39.4375,35.5141],[39.242,35.2493],[39.2539,35.2417],[39.2583,35.2403],[39.2686,35.2342],[39.2764,35.2311],[39.2933,35.2211],[39.3142,35.2056],[39.3506,35.1831],[39.36,35.1739],[39.4433,35.0303],[39.4328,34.9505],[39.5659,34.7942],[39.7303,34.6006],[39.9055,34.3928],[40.0,34.2796],[40.1561,34.0851],[40.1624,34.0764],[40.1783,34.0843],[40.2325,34.1118],[40.2358,34.1136],[40.2369,34.114],[40.4439,34.2177],[40.6401,34.3152],[40.6899,34.3274],[40.695,34.3285],[40.7009,34.3302],[40.841,34.3645],[40.8593,34.3693],[40.9155,34.3829],[40.9161,34.3831],[40.9173,34.3844],[40.9189,34.3856],[40.927,34.39],[40.9323,34.3908],[40.9367,34.3905],[40.9402,34.3917],[40.9443,34.3923],[40.9511,34.3942],[40.954,34.3946],[40.9548,34.3946],[40.9608,34.3956],[40.9654,34.395],[40.977,34.3976],[40.9774,34.3981],[40.978,34.398],[40.9836,34.4126],[40.9919,34.4219],[40.9927,34.4224],[40.9943,34.4243],[40.9954,34.4257],[40.9953,34.4263],[40.996,34.4273],[41.0028,34.435],[41.0027,34.4357],[41.0034,34.4366],[41.0074,34.4404],[41.0092,34.4416],[41.0105,34.443],[41.0114,34.4434],[41.0132,34.4447],[41.0142,34.4459],[41.0146,34.4458],[41.0154,34.4454],[41.0162,34.4459],[41.0162,34.4463],[41.0167,34.448],[41.0187,34.4524],[41.0195,34.4544],[41.0223,34.4595],[41.0432,34.5003],[41.0777,34.5671],[41.087,34.5848],[41.0977,34.6062],[41.1103,34.6302],[41.1146,34.6392],[41.1228,34.6543],[41.1491,34.6856],[41.1953,34.7402],[41.2143,34.7632],[41.2147,34.7648],[41.2159,34.7673],[41.2166,34.7675],[41.2178,34.7694],[41.2182,34.7695],[41.2194,34.7709],[41.219,34.7721],[41.2197,34.7731],[41.2197,34.7736],[41.2201,34.7744],[41.2208,34.7752],[41.2222,34.7767],[41.2233,34.7772],[41.2274,34.7785],[41.2273,34.7799],[41.2276,34.7799],[41.2274,34.781],[41.2259,34.7901],[41.2257,34.7924],[41.2258,34.7929],[41.2266,34.7945],[41.2281,34.801],[41.2286,34.8059],[41.2281,34.8113],[41.2277,34.8131],[41.2277,34.8143],[41.2272,34.8166],[41.2257,34.8193],[41.2255,34.821],[41.2249,34.8232],[41.2246,34.8263],[41.2233,34.8578],[41.223,34.869],[41.2224,34.8782],[41.2212,34.9082],[41.2208,34.9149],[41.2195,34.9408],[41.2174,34.9768],[41.2166,34.9924],[41.2141,35.0374],[41.211,35.0982],[41.2107,35.1103],[41.2086,35.1428]]]},"properties":{"province_name":"Dayr Az Zawr"}},{"type":"Feature","geometry":{"type":"Polygon","coordinates":[[[39.6517,35.7652],[39.6588,35.7656],[39.6714,35.7706],[39.6828,35.773],[39.6777,35.7883],[39.69,35.8143],[39.6251,36.0904],[39.6853,36.21],[39.8043,36.4635],[39.8028,36.4772],[39.8017,36.4806],[39.7936,36.4919],[39.7789,36.5033],[39.7717,36.5072],[39.7655,36.5117],[39.7589,36.5155],[39.7464,36.5206],[39.7286,36.5258],[39.7206,36.5292],[39.6694,36.5433],[39.6528,36.5497],[39.6375,36.5572],[39.6233,36.5611],[39.618,36.5614],[39.6097,36.5597],[39.5944,36.5544],[39.5817,36.5519],[39.5678,36.5508],[39.5569,36.5517],[39.5461,36.5536],[39.5344,36.5586],[39.5278,36.5628],[39.5164,36.5719],[39.5014,36.5914],[39.4919,36.6019],[39.4786,36.6142],[39.4692,36.6244],[39.4656,36.6305],[39.4633,36.6372],[39.4608,36.6519],[39.4522,36.6669],[39.4497,36.6694],[39.4469,36.6758],[39.4428,36.6814],[39.439,36.6968],[39.398,36.6942],[39.3916,36.6928],[39.3878,36.6924],[39.3845,36.6924],[39.3772,36.6929],[39.3618,36.6919],[39.2632,36.6747],[39.2124,36.6689],[39.2084,36.6693],[39.1777,36.6763],[39.171,36.678],[39.1495,36.6829],[39.1282,36.6866],[39.0655,36.705],[39.0499,36.7071],[39.0212,36.7105],[39.0106,36.7098],[38.9627,36.7055],[38.9552,36.7052],[38.9536,36.7045],[38.9447,36.7044],[38.9424,36.7048],[38.9281,36.7045],[38.8957,36.7007],[38.8924,36.7005],[38.7494,36.7064],[38.7458,36.7067],[38.7422,36.7072],[38.7385,36.7081],[38.7349,36.7094],[38.7306,36.7114],[38.691,36.7346],[38.6442,36.7713],[38.6413,36.7739],[38.6382,36.7773],[38.6369,36.7784],[38.6308,36.7824],[38.6321,36.7603],[38.6342,36.7535],[38.6381,36.7478],[38.6426,36.7456],[38.6339,36.7313],[38.6364,36.7277],[38.6435,36.7223],[38.6476,36.7157],[38.6623,36.7141],[38.6666,36.6984],[38.6697,36.6859],[38.6677,36.6809],[38.6578,36.6752],[38.6213,36.6668],[38.6154,36.6739],[38.5874,36.6835],[38.5803,36.6716],[38.5866,36.6576],[38.607,36.6416],[38.6079,36.6285],[38.6096,36.6264],[38.6025,36.6153],[38.6367,36.601],[38.6461,36.6121],[38.6402,36.6345],[38.6346,36.6465],[38.6714,36.6489],[38.67,36.6377],[38.6788,36.6375],[38.7034,36.652],[38.7139,36.6532],[38.7131,36.6406],[38.717,36.6432],[38.7206,36.6434],[38.7203,36.6399],[38.7175,36.6382],[38.706,36.6377],[38.6941,36.623],[38.6879,36.5929],[38.6727,36.5681],[38.6711,36.5621],[38.6806,36.553],[38.682,36.5426],[38.6692,36.5294],[38.6558,36.4983],[38.6574,36.4835],[38.6768,36.4781],[38.6717,36.4631],[38.658,36.4557],[38.6558,36.4477],[38.6658,36.4368],[38.6665,36.4218],[38.6592,36.4199],[38.6544,36.4126],[38.6444,36.413],[38.6446,36.4045],[38.6378,36.4008],[38.6411,36.3937],[38.6347,36.3723],[38.642,36.368],[38.6455,36.3482],[38.639,36.3445],[38.6465,36.3403],[38.6375,36.3282],[38.6451,36.3155],[38.6277,36.3053],[38.6314,36.2845],[38.5721,36.2624],[38.5714,36.2858],[38.5442,36.2878],[38.534,36.2585],[38.5288,36.259],[38.527,36.245],[38.5444,36.2335],[38.5445,36.2186],[38.5234,36.2045],[38.5097,36.2041],[38.5055,36.2353],[38.4779,36.2387],[38.4129,36.2318],[38.4202,36.2203],[38.4225,36.2124],[38.4426,36.1947],[38.4351,36.1607],[38.4062,36.1544],[38.3797,36.1591],[38.3743,36.1637],[38.377,36.1757],[38.3624,36.2001],[38.35,36.2052],[38.3311,36.2291],[38.3353,36.2431],[38.3435,36.2442],[38.3501,36.2585],[38.3493,36.2633],[38.3443,36.2685],[38.3372,36.2698],[38.3316,36.2753],[38.3273,36.2817],[38.3123,36.2805],[38.2747,36.2944],[38.2356,36.3011],[38.2039,36.3049],[38.2036,36.277],[38.1919,36.264],[38.1856,36.26],[38.1708,36.2561],[38.1565,36.2553],[38.1237,36.2441],[38.1173,36.2328],[38.1089,36.2133],[38.1047,36.2058],[38.1,36.1994],[38.0886,36.175],[38.0764,36.1608],[38.0717,36.1542],[38.065,36.1478],[38.0608,36.1408],[38.0592,36.1342],[38.0572,36.1192],[38.0572,36.1106],[38.0614,36.0814],[38.0639,36.0733],[38.0792,36.055],[38.0858,36.0492],[38.0944,36.0444],[38.1086,36.0328],[38.1155,36.025],[38.1225,36.0189],[38.1317,36.0033],[38.1378,35.9972],[38.1772,35.9719],[38.1817,35.9683],[38.1828,35.9636],[38.1828,35.9583],[38.1817,35.9525],[38.178,35.9471],[38.1728,35.94],[38.1689,35.9278],[38.1639,35.9172],[38.1597,35.9108],[38.1517,35.9033],[38.1425,35.8969],[38.1428,35.8849],[38.1377,35.8718],[38.1284,35.8554],[38.1243,35.8379],[38.1414,35.8317],[38.1493,35.8392],[38.1765,35.8359],[38.1507,35.7966],[38.1799,35.7855],[38.1646,35.7266],[38.207,35.7153],[38.205,35.6517],[38.2228,35.6171],[38.2228,35.6054],[38.2688,35.5892],[38.3186,35.5699],[38.3172,35.5345],[38.2922,35.5046],[38.2728,35.4682],[38.2322,35.4345],[38.2131,35.3838],[38.3013,35.3822],[38.3047,35.3819],[38.3219,35.3853],[38.335,35.3858],[38.3525,35.3886],[38.3708,35.3903],[38.395,35.3911],[38.4305,35.3903],[38.4403,35.3911],[38.4556,35.3908],[38.4611,35.39],[38.4861,35.39],[38.5228,35.388],[38.5711,35.3819],[38.6089,35.3786],[38.64,35.3772],[38.6828,35.3728],[38.7039,35.3694],[38.7131,35.3669],[38.7286,35.3642],[38.7497,35.3625],[38.7758,35.3586],[38.8011,35.3539],[38.825,35.3481],[38.8361,35.3469],[38.8508,35.3436],[38.8975,35.3372],[38.9214,35.3311],[38.9597,35.3183],[38.9697,35.3161],[39.0008,35.3069],[39.0194,35.3028],[39.0689,35.2975],[39.125,35.2869],[39.1555,35.2781],[39.1696,35.2808],[39.1828,35.278],[39.1968,35.274],[39.2007,35.2667],[39.2002,35.2607],[39.2069,35.2597],[39.242,35.2493],[39.4375,35.5141],[39.6192,35.7382],[39.6517,35.7652]]]},"properties":{"province_name":"Ar Raqqah"}}]}